-- phpMyAdmin SQL Dump
-- version 4.1.4
-- http://www.phpmyadmin.net
--
-- Host: 127.0.0.1
-- Generation Time: 2017-06-12 11:27:43
-- 服务器版本： 5.6.15-log
-- PHP Version: 5.5.8

SET SQL_MODE = "NO_AUTO_VALUE_ON_ZERO";
SET time_zone = "+00:00";


/*!40101 SET @OLD_CHARACTER_SET_CLIENT=@@CHARACTER_SET_CLIENT */;
/*!40101 SET @OLD_CHARACTER_SET_RESULTS=@@CHARACTER_SET_RESULTS */;
/*!40101 SET @OLD_COLLATION_CONNECTION=@@COLLATION_CONNECTION */;
/*!40101 SET NAMES utf8 */;

--
-- Database: `db_bpm`
--

-- --------------------------------------------------------

--
-- 表的结构 `act_evt_log`
--

CREATE TABLE IF NOT EXISTS `act_evt_log` (
  `LOG_NR_` bigint(20) NOT NULL AUTO_INCREMENT,
  `TYPE_` varchar(64) COLLATE utf8_bin DEFAULT NULL,
  `PROC_DEF_ID_` varchar(64) COLLATE utf8_bin DEFAULT NULL,
  `PROC_INST_ID_` varchar(64) COLLATE utf8_bin DEFAULT NULL,
  `EXECUTION_ID_` varchar(64) COLLATE utf8_bin DEFAULT NULL,
  `TASK_ID_` varchar(64) COLLATE utf8_bin DEFAULT NULL,
  `TIME_STAMP_` timestamp(3) NOT NULL DEFAULT CURRENT_TIMESTAMP(3) ON UPDATE CURRENT_TIMESTAMP(3),
  `USER_ID_` varchar(255) COLLATE utf8_bin DEFAULT NULL,
  `DATA_` longblob,
  `LOCK_OWNER_` varchar(255) COLLATE utf8_bin DEFAULT NULL,
  `LOCK_TIME_` timestamp(3) NULL DEFAULT NULL,
  `IS_PROCESSED_` tinyint(4) DEFAULT '0',
  PRIMARY KEY (`LOG_NR_`)
) ENGINE=InnoDB DEFAULT CHARSET=utf8 COLLATE=utf8_bin AUTO_INCREMENT=1 ;

-- --------------------------------------------------------

--
-- 表的结构 `act_ge_bytearray`
--

CREATE TABLE IF NOT EXISTS `act_ge_bytearray` (
  `ID_` varchar(64) COLLATE utf8_bin NOT NULL,
  `REV_` int(11) DEFAULT NULL,
  `NAME_` varchar(255) COLLATE utf8_bin DEFAULT NULL,
  `DEPLOYMENT_ID_` varchar(64) COLLATE utf8_bin DEFAULT NULL,
  `BYTES_` longblob,
  `GENERATED_` tinyint(4) DEFAULT NULL,
  PRIMARY KEY (`ID_`),
  KEY `ACT_FK_BYTEARR_DEPL` (`DEPLOYMENT_ID_`)
) ENGINE=InnoDB DEFAULT CHARSET=utf8 COLLATE=utf8_bin;

--
-- 转存表中的数据 `act_ge_bytearray`
--

INSERT INTO `act_ge_bytearray` (`ID_`, `REV_`, `NAME_`, `DEPLOYMENT_ID_`, `BYTES_`, `GENERATED_`) VALUES
('3078164c-3e79-11e6-a463-408d5c90f72f', 1, '请假流程.bpmn20.xml', '3078164b-3e79-11e6-a463-408d5c90f72f', 0x3c3f786d6c2076657273696f6e3d22312e302220656e636f64696e673d225554462d38223f3e0a3c646566696e6974696f6e7320786d6c6e733d22687474703a2f2f7777772e6f6d672e6f72672f737065632f42504d4e2f32303130303532342f4d4f44454c2220786d6c6e733a7873693d22687474703a2f2f7777772e77332e6f72672f323030312f584d4c536368656d612d696e7374616e63652220786d6c6e733a7873643d22687474703a2f2f7777772e77332e6f72672f323030312f584d4c536368656d612220786d6c6e733a61637469766974693d22687474703a2f2f61637469766974692e6f72672f62706d6e2220786d6c6e733a62706d6e64693d22687474703a2f2f7777772e6f6d672e6f72672f737065632f42504d4e2f32303130303532342f44492220786d6c6e733a6f6d6764633d22687474703a2f2f7777772e6f6d672e6f72672f737065632f44442f32303130303532342f44432220786d6c6e733a6f6d6764693d22687474703a2f2f7777772e6f6d672e6f72672f737065632f44442f32303130303532342f44492220747970654c616e67756167653d22687474703a2f2f7777772e77332e6f72672f323030312f584d4c536368656d61222065787072657373696f6e4c616e67756167653d22687474703a2f2f7777772e77332e6f72672f313939392f585061746822207461726765744e616d6573706163653d22687474703a2f2f7777772e74616e67686f6d2e636e2f64656d6f2f61637469766974692f6c65617665223e0a20203c70726f636573732069643d226c6561766522206e616d653d22e8afb7e58187e6b581e7a88b2220697345786563757461626c653d2274727565223e0a202020203c646f63756d656e746174696f6e3ee8afb7e58187e6b581e7a88be6bc94e7a4ba3c2f646f63756d656e746174696f6e3e0a202020203c73746172744576656e742069643d2273746172746576656e743122206e616d653d225374617274222061637469766974693a696e69746961746f723d226170706c79557365724964223e3c2f73746172744576656e743e0a202020203c757365725461736b2069643d22646570744c6561646572417564697422206e616d653d22e983a8e997a8e9a286e5afbce5aea1e689b9222061637469766974693a63616e64696461746547726f7570733d22646570744c6561646572223e3c2f757365725461736b3e0a202020203c6578636c7573697665476174657761792069643d226578636c7573697665676174657761793522206e616d653d224578636c75736976652047617465776179223e3c2f6578636c7573697665476174657761793e0a202020203c757365725461736b2069643d226d6f646966794170706c7922206e616d653d22e8b083e695b4e794b3e8afb7222061637469766974693a61737369676e65653d22247b6170706c795573657249647d223e0a2020202020203c657874656e73696f6e456c656d656e74733e0a20202020202020203c61637469766974693a7461736b4c697374656e6572206576656e743d22636f6d706c657465222064656c656761746545787072657373696f6e3d22247b61667465724d6f646966794170706c79436f6e74656e7450726f636573736f727d223e3c2f61637469766974693a7461736b4c697374656e65723e0a2020202020203c2f657874656e73696f6e456c656d656e74733e0a202020203c2f757365725461736b3e0a202020203c757365725461736b2069643d226872417564697422206e616d653d22e4babae4ba8be5aea1e689b9222061637469766974693a63616e64696461746547726f7570733d226872223e3c2f757365725461736b3e0a202020203c6578636c7573697665476174657761792069643d226578636c7573697665676174657761793622206e616d653d224578636c75736976652047617465776179223e3c2f6578636c7573697665476174657761793e0a202020203c757365725461736b2069643d227265706f72744261636b22206e616d653d22e99480e58187222061637469766974693a61737369676e65653d22247b6170706c795573657249647d223e0a2020202020203c657874656e73696f6e456c656d656e74733e0a20202020202020203c61637469766974693a7461736b4c697374656e6572206576656e743d22636f6d706c657465222064656c656761746545787072657373696f6e3d22247b7265706f72744261636b456e6450726f636573736f727d223e3c2f61637469766974693a7461736b4c697374656e65723e0a2020202020203c2f657874656e73696f6e456c656d656e74733e0a202020203c2f757365725461736b3e0a202020203c656e644576656e742069643d22656e646576656e743122206e616d653d22456e64223e3c2f656e644576656e743e0a202020203c6578636c7573697665476174657761792069643d226578636c7573697665676174657761793722206e616d653d224578636c75736976652047617465776179223e3c2f6578636c7573697665476174657761793e0a202020203c73657175656e6365466c6f772069643d22666c6f77322220736f757263655265663d2273746172746576656e743122207461726765745265663d22646570744c65616465724175646974223e3c2f73657175656e6365466c6f773e0a202020203c73657175656e6365466c6f772069643d22666c6f77332220736f757263655265663d22646570744c6561646572417564697422207461726765745265663d226578636c75736976656761746577617935223e3c2f73657175656e6365466c6f773e0a202020203c73657175656e6365466c6f772069643d22666c6f773422206e616d653d22e4b88de5908ce6848f2220736f757263655265663d226578636c7573697665676174657761793522207461726765745265663d226d6f646966794170706c79223e0a2020202020203c636f6e646974696f6e45787072657373696f6e207873693a747970653d2274466f726d616c45787072657373696f6e223e3c215b43444154415b247b21646570744c6561646572506173737d5d5d3e3c2f636f6e646974696f6e45787072657373696f6e3e0a202020203c2f73657175656e6365466c6f773e0a202020203c73657175656e6365466c6f772069643d22666c6f773522206e616d653d22e5908ce6848f2220736f757263655265663d226578636c7573697665676174657761793522207461726765745265663d2268724175646974223e0a2020202020203c636f6e646974696f6e45787072657373696f6e207873693a747970653d2274466f726d616c45787072657373696f6e223e3c215b43444154415b247b646570744c6561646572506173737d5d5d3e3c2f636f6e646974696f6e45787072657373696f6e3e0a202020203c2f73657175656e6365466c6f773e0a202020203c73657175656e6365466c6f772069643d22666c6f77362220736f757263655265663d226872417564697422207461726765745265663d226578636c75736976656761746577617936223e3c2f73657175656e6365466c6f773e0a202020203c73657175656e6365466c6f772069643d22666c6f773722206e616d653d22e5908ce6848f2220736f757263655265663d226578636c7573697665676174657761793622207461726765745265663d227265706f72744261636b223e0a2020202020203c636f6e646974696f6e45787072657373696f6e207873693a747970653d2274466f726d616c45787072657373696f6e223e3c215b43444154415b247b6872506173737d5d5d3e3c2f636f6e646974696f6e45787072657373696f6e3e0a202020203c2f73657175656e6365466c6f773e0a202020203c73657175656e6365466c6f772069643d22666c6f77382220736f757263655265663d227265706f72744261636b22207461726765745265663d22656e646576656e7431223e3c2f73657175656e6365466c6f773e0a202020203c73657175656e6365466c6f772069643d22666c6f773922206e616d653d22e4b88de5908ce6848f2220736f757263655265663d226578636c7573697665676174657761793622207461726765745265663d226d6f646966794170706c79223e0a2020202020203c636f6e646974696f6e45787072657373696f6e207873693a747970653d2274466f726d616c45787072657373696f6e223e3c215b43444154415b247b216872506173737d5d5d3e3c2f636f6e646974696f6e45787072657373696f6e3e0a202020203c2f73657175656e6365466c6f773e0a202020203c73657175656e6365466c6f772069643d22666c6f77313022206e616d653d22e9878de696b0e794b3e8afb72220736f757263655265663d226578636c7573697665676174657761793722207461726765745265663d22646570744c65616465724175646974223e0a2020202020203c636f6e646974696f6e45787072657373696f6e207873693a747970653d2274466f726d616c45787072657373696f6e223e3c215b43444154415b247b72654170706c797d5d5d3e3c2f636f6e646974696f6e45787072657373696f6e3e0a202020203c2f73657175656e6365466c6f773e0a202020203c73657175656e6365466c6f772069643d22666c6f7731312220736f757263655265663d226d6f646966794170706c7922207461726765745265663d226578636c75736976656761746577617937223e3c2f73657175656e6365466c6f773e0a202020203c73657175656e6365466c6f772069643d22666c6f77313222206e616d653d22e7bb93e69d9fe6b581e7a88b2220736f757263655265663d226578636c7573697665676174657761793722207461726765745265663d22656e646576656e7431223e0a2020202020203c636f6e646974696f6e45787072657373696f6e207873693a747970653d2274466f726d616c45787072657373696f6e223e3c215b43444154415b247b2172654170706c797d5d5d3e3c2f636f6e646974696f6e45787072657373696f6e3e0a202020203c2f73657175656e6365466c6f773e0a20203c2f70726f636573733e0a20203c62706d6e64693a42504d4e4469616772616d2069643d2242504d4e4469616772616d5f6c65617665223e0a202020203c62706d6e64693a42504d4e506c616e652062706d6e456c656d656e743d226c65617665222069643d2242504d4e506c616e655f6c65617665223e0a2020202020203c62706d6e64693a42504d4e53686170652062706d6e456c656d656e743d2273746172746576656e7431222069643d2242504d4e53686170655f73746172746576656e7431223e0a20202020202020203c6f6d6764633a426f756e6473206865696768743d2233302e30222077696474683d2233302e302220783d2231302e302220793d2239302e30223e3c2f6f6d6764633a426f756e64733e0a2020202020203c2f62706d6e64693a42504d4e53686170653e0a2020202020203c62706d6e64693a42504d4e53686170652062706d6e456c656d656e743d22646570744c65616465724175646974222069643d2242504d4e53686170655f646570744c65616465724175646974223e0a20202020202020203c6f6d6764633a426f756e6473206865696768743d2235352e30222077696474683d223130352e302220783d2239302e302220793d2238302e30223e3c2f6f6d6764633a426f756e64733e0a2020202020203c2f62706d6e64693a42504d4e53686170653e0a2020202020203c62706d6e64693a42504d4e53686170652062706d6e456c656d656e743d226578636c75736976656761746577617935222069643d2242504d4e53686170655f6578636c75736976656761746577617935223e0a20202020202020203c6f6d6764633a426f756e6473206865696768743d2234302e30222077696474683d2234302e302220783d223235302e302220793d2238372e30223e3c2f6f6d6764633a426f756e64733e0a2020202020203c2f62706d6e64693a42504d4e53686170653e0a2020202020203c62706d6e64693a42504d4e53686170652062706d6e456c656d656e743d226d6f646966794170706c79222069643d2242504d4e53686170655f6d6f646966794170706c79223e0a20202020202020203c6f6d6764633a426f756e6473206865696768743d2235352e30222077696474683d223130352e302220783d223231382e302220793d223139302e30223e3c2f6f6d6764633a426f756e64733e0a2020202020203c2f62706d6e64693a42504d4e53686170653e0a2020202020203c62706d6e64693a42504d4e53686170652062706d6e456c656d656e743d2268724175646974222069643d2242504d4e53686170655f68724175646974223e0a20202020202020203c6f6d6764633a426f756e6473206865696768743d2235352e30222077696474683d223130352e302220783d223335382e302220793d2238302e30223e3c2f6f6d6764633a426f756e64733e0a2020202020203c2f62706d6e64693a42504d4e53686170653e0a2020202020203c62706d6e64693a42504d4e53686170652062706d6e456c656d656e743d226578636c75736976656761746577617936222069643d2242504d4e53686170655f6578636c75736976656761746577617936223e0a20202020202020203c6f6d6764633a426f756e6473206865696768743d2234302e30222077696474683d2234302e302220783d223439352e302220793d2238372e30223e3c2f6f6d6764633a426f756e64733e0a2020202020203c2f62706d6e64693a42504d4e53686170653e0a2020202020203c62706d6e64693a42504d4e53686170652062706d6e456c656d656e743d227265706f72744261636b222069643d2242504d4e53686170655f7265706f72744261636b223e0a20202020202020203c6f6d6764633a426f756e6473206865696768743d2235352e30222077696474683d223130352e302220783d223539302e302220793d2238302e30223e3c2f6f6d6764633a426f756e64733e0a2020202020203c2f62706d6e64693a42504d4e53686170653e0a2020202020203c62706d6e64693a42504d4e53686170652062706d6e456c656d656e743d22656e646576656e7431222069643d2242504d4e53686170655f656e646576656e7431223e0a20202020202020203c6f6d6764633a426f756e6473206865696768743d2232382e30222077696474683d2232382e302220783d223632352e302220793d223238332e30223e3c2f6f6d6764633a426f756e64733e0a2020202020203c2f62706d6e64693a42504d4e53686170653e0a2020202020203c62706d6e64693a42504d4e53686170652062706d6e456c656d656e743d226578636c75736976656761746577617937222069643d2242504d4e53686170655f6578636c75736976656761746577617937223e0a20202020202020203c6f6d6764633a426f756e6473206865696768743d2234302e30222077696474683d2234302e302220783d223235302e302220793d223238302e30223e3c2f6f6d6764633a426f756e64733e0a2020202020203c2f62706d6e64693a42504d4e53686170653e0a2020202020203c62706d6e64693a42504d4e456467652062706d6e456c656d656e743d22666c6f7732222069643d2242504d4e456467655f666c6f7732223e0a20202020202020203c6f6d6764693a776179706f696e7420783d2233392e39393636303539353038353539382220793d223130352e3331393037363732323335383634223e3c2f6f6d6764693a776179706f696e743e0a20202020202020203c6f6d6764693a776179706f696e7420783d2239302e302220793d223130362e3338323937383732333430343235223e3c2f6f6d6764693a776179706f696e743e0a2020202020203c2f62706d6e64693a42504d4e456467653e0a2020202020203c62706d6e64693a42504d4e456467652062706d6e456c656d656e743d22666c6f7733222069643d2242504d4e456467655f666c6f7733223e0a20202020202020203c6f6d6764693a776179706f696e7420783d223139352e302220793d223130372e3239343131373634373035383833223e3c2f6f6d6764693a776179706f696e743e0a20202020202020203c6f6d6764693a776179706f696e7420783d223235302e3037383132352220793d223130372e303738313235223e3c2f6f6d6764693a776179706f696e743e0a2020202020203c2f62706d6e64693a42504d4e456467653e0a2020202020203c62706d6e64693a42504d4e456467652062706d6e456c656d656e743d22666c6f7734222069643d2242504d4e456467655f666c6f7734223e0a20202020202020203c6f6d6764693a776179706f696e7420783d223237302e303930303930303930303930312220793d223132362e3930393930393930393930393931223e3c2f6f6d6764693a776179706f696e743e0a20202020202020203c6f6d6764693a776179706f696e7420783d223237302e333735353635363130383539372220793d223139302e30223e3c2f6f6d6764693a776179706f696e743e0a2020202020203c2f62706d6e64693a42504d4e456467653e0a2020202020203c62706d6e64693a42504d4e456467652062706d6e456c656d656e743d22666c6f7735222069643d2242504d4e456467655f666c6f7735223e0a20202020202020203c6f6d6764693a776179706f696e7420783d223238392e39323930373830313431383433372220793d223130372e30373039323139383538313536223e3c2f6f6d6764693a776179706f696e743e0a20202020202020203c6f6d6764693a776179706f696e7420783d223335382e302220793d223130372e3331333136373235393738363437223e3c2f6f6d6764693a776179706f696e743e0a2020202020203c2f62706d6e64693a42504d4e456467653e0a2020202020203c62706d6e64693a42504d4e456467652062706d6e456c656d656e743d22666c6f7736222069643d2242504d4e456467655f666c6f7736223e0a20202020202020203c6f6d6764693a776179706f696e7420783d223436332e302220793d223130372e32343838303338323737353132223e3c2f6f6d6764693a776179706f696e743e0a20202020202020203c6f6d6764693a776179706f696e7420783d223439352e303935323338303935323338312220793d223130372e30393532333830393532333831223e3c2f6f6d6764693a776179706f696e743e0a2020202020203c2f62706d6e64693a42504d4e456467653e0a2020202020203c62706d6e64693a42504d4e456467652062706d6e456c656d656e743d22666c6f7737222069643d2242504d4e456467655f666c6f7737223e0a20202020202020203c6f6d6764693a776179706f696e7420783d223533342e3932313837352220793d223130372e303738313235223e3c2f6f6d6764693a776179706f696e743e0a20202020202020203c6f6d6764693a776179706f696e7420783d223539302e302220793d223130372e3239343131373634373035383833223e3c2f6f6d6764693a776179706f696e743e0a2020202020203c2f62706d6e64693a42504d4e456467653e0a2020202020203c62706d6e64693a42504d4e456467652062706d6e456c656d656e743d22666c6f773130222069643d2242504d4e456467655f666c6f773130223e0a20202020202020203c6f6d6764693a776179706f696e7420783d223235302e31353530333837353936383939322220793d223239392e3834343936313234303331303036223e3c2f6f6d6764693a776179706f696e743e0a20202020202020203c6f6d6764693a776179706f696e7420783d223134322e302220793d223239392e30223e3c2f6f6d6764693a776179706f696e743e0a20202020202020203c6f6d6764693a776179706f696e7420783d223134322e34323831393834333334323033362220793d223133352e30223e3c2f6f6d6764693a776179706f696e743e0a2020202020203c2f62706d6e64693a42504d4e456467653e0a2020202020203c62706d6e64693a42504d4e456467652062706d6e456c656d656e743d22666c6f7738222069643d2242504d4e456467655f666c6f7738223e0a20202020202020203c6f6d6764693a776179706f696e7420783d223634312e393932303834343332373137372220793d223133352e30223e3c2f6f6d6764693a776179706f696e743e0a20202020202020203c6f6d6764693a776179706f696e7420783d223633392e32353835333131303535322220793d223238332e303032333837323836383435223e3c2f6f6d6764693a776179706f696e743e0a2020202020203c2f62706d6e64693a42504d4e456467653e0a2020202020203c62706d6e64693a42504d4e456467652062706d6e456c656d656e743d22666c6f773131222069643d2242504d4e456467655f666c6f773131223e0a20202020202020203c6f6d6764693a776179706f696e7420783d223237302e333333333333333333333333332220793d223234352e30223e3c2f6f6d6764693a776179706f696e743e0a20202020202020203c6f6d6764693a776179706f696e7420783d223237302e31323034383139323737313038342220793d223238302e3132303438313932373731303834223e3c2f6f6d6764693a776179706f696e743e0a2020202020203c2f62706d6e64693a42504d4e456467653e0a2020202020203c62706d6e64693a42504d4e456467652062706d6e456c656d656e743d22666c6f7739222069643d2242504d4e456467655f666c6f7739223e0a20202020202020203c6f6d6764693a776179706f696e7420783d223531342e383139383139383139383139382220793d223132362e3831393831393831393831393831223e3c2f6f6d6764693a776179706f696e743e0a20202020202020203c6f6d6764693a776179706f696e7420783d223531342e302220793d223231372e30223e3c2f6f6d6764693a776179706f696e743e0a20202020202020203c6f6d6764693a776179706f696e7420783d223332332e302220793d223231372e3339323139373132353235363637223e3c2f6f6d6764693a776179706f696e743e0a2020202020203c2f62706d6e64693a42504d4e456467653e0a2020202020203c62706d6e64693a42504d4e456467652062706d6e456c656d656e743d22666c6f773132222069643d2242504d4e456467655f666c6f773132223e0a20202020202020203c6f6d6764693a776179706f696e7420783d223238392e38333837303936373734313933332220793d223239392e3833383730393637373431393333223e3c2f6f6d6764693a776179706f696e743e0a20202020202020203c6f6d6764693a776179706f696e7420783d223632352e303030343632363634363137392220793d223239372e31313338313733373637313034223e3c2f6f6d6764693a776179706f696e743e0a2020202020203c2f62706d6e64693a42504d4e456467653e0a202020203c2f62706d6e64693a42504d4e506c616e653e0a20203c2f62706d6e64693a42504d4e4469616772616d3e0a3c2f646566696e6974696f6e733e, 0),
('30b03d4d-3e79-11e6-a463-408d5c90f72f', 1, '请假流程.leave.png', '3078164b-3e79-11e6-a463-408d5c90f72f', 0x89504e470d0a1a0a0000000d49484452000002c10000014a0806000000fc2e82f2000031bc4944415478daeddd0b7c54e59dfff1785bb5d6aa5b5beb5aabb6d6baadeddf7571d5f5b2d46a850a789d8c67260929daa056a93756ab5258912d6a5bd66aeba5542da5a26529624a5508771116c4224551a8204204418a8880887afebfeff49cbc0e9399cc0cc92433f37cdeafd7f39a6b1278cef93dcf779e3973a6aa0a0000000000000000000000000000000000000000000000000000000000000000000000000000000000000000000000000000000000000000000000000000000000000000000000000000000000000000000000000000000000000000000000000000000000000000000000000000000000000000000000000000000000000000000000000000000000000000000000000000000000000000000000000000000000000000000000000000000000000000000000000000000000000000000000000000000000000000000000000000000000000000000000000000000000000000000000000000000000000000000000000000000000000000000000000000000000000000000000000000000000000000000000000000000000000000000000000000000000000000000000000000000000000000000000000000000000000000000000000000000072f07d7fcfe5cb978f9d3b77ee4753a64cf1274f9e4c2b81d6d4d4e4cf9c39f36d6b35eca560bca0315e80faa43ed1c15430b366cdf2d7ad5be76fdfbe9d56426dfdfaf5fe8c19333659015dcc9e0ac60b1ae305a84fea131d48af182998922e9cedf64a72097b2a182f688c17a03ea94f7420bd65c2ce59dacd8a66077b2a182f688c17a03ea94f74201dafc28e59f245e3b3a782f182c67801ea93fa441714cd7befacf197cf7fd87fa9e9b654d375ddc74e4dd180f182f182f102d4278dfaacc8a2d9bcb1d95ffccc20ffc58903776aba4f8fb163533425e440ba80f182f1829aa63ea94fea131d5234ab5e7ab255c1846df54b8decd8144da9e861cd0f2ec178c178414d539fd427f589f615cd926977642d1a3dc68e4dd19480b3ac6db43622b8ec4597305e305e50d3d427f5497da25d45b378f290ac45a3c7d8b1299a12992c7b45568fd63369325e305e50d3d427f5e97c7dfabebfcfa2458bfaffe637bf99317cf8f04d03060cd8515f5fef5f72c9257e4d4dcdc7575c71c5f65b6eb965f91d77dc31dada57281a8a8649ad6c27cb5cf783f182f1829aa63ea9cfcaaf4f85df71e3c68d1a3a74e88e6baeb9c67fe08107fcb973e7facdcdcdfeb66ddb7cd1a54e2ebd60c102df42b2ff831ffce0e36bafbdf6f5868686cb289abf377d7a345bd1e831766c26b52ed223c7a4183ecef1848c178c17d434f5497dba539f1676fbdd7efbedef0f1c383015703ffcf0433f5f0b172ef46fbae9a60ffbf7efbf24168b1ded7ad12c9b7d6fd6a2d163ecd84c6a5d3859e69a0c593d62bc60bca0a6a94fead38dfab40cbbe7840913a65e7ef9e57e63636341e137ddd34f3fedf7ebd76f6b25af0ae753341b9a17f98b270d6efdd689dda7c7d8b199d4bae8edd21e457a3e182f182fa869ea93565ef5a9003c7dfaf479575f7db5bf74e952bf23bcfefaebbe05eaad975d76d9f75d2d1ab515cf8f6a5534ba8f9d9a49ad8b26cb5ebbf0739b9934192f182fa869ea93faacc8fad40ab002b08ef1ed48fa7d0d0d0d9b3dcfab71b268de7fdf5ff6dc7daddf3ab1fbf4183b36935a894f96bc8dca78c178414d539fd467e5d6a78e01d621101db5029c6945b8aeae6ea305e1635d2a1a7d83ccd2d9f7643d86488ff12d334c6a9da047074d763d9834192f182fa869ea93faac98fad459206ebbedb6ed3a06b898264e9cb835994cce71a268ec15e19a6553fdbf3c7d73d682099b9ea3e7f22a92105ce4c9b2a3def664f588f182f1829aa63ea9cfcaa8cff1e3c7ff4e6781f8e0830ffc62bbf2ca2bd756d26111998a26d7ab455e4532a975c1dba5e164b99bb5bec16521d27f8e0fd6305e305e50d3d427f559def5a955609d0758a741eb0c2fbef8e2f64a5a0dce5434f9bc5a6ceb55243b3a21b848ab3b9aec7eadb20f2e772b60b2ccf4730461c60bc60b6a9afaa43ecbb73ef54d70fa305c7b4e8556a87efdfaadbde4924b8e2ce562a8afaf3f70578b66570b266cece884e022bdbdd93798f4fc0226cde86419b6ba0c6fcb726804e305e305354d7d529fe5559ffa2ae4912347fa9d69c488110b2d04df50cac560ffbe25d6eeca1586f33da50a8d49ad13659bc4324d7e6d4d9a999e3f32c3f3399eb01d932c8df1829aa63e695d549fc3870fdfa4af42ee4ccf3df7dceb16301b4b3c04afb0e6c7e3f18d76796b2c16fb244543d17416cff3265b3bad1d93658f0226c14c9366be9365156fa3e6bfbd182fdc1d2fa869ea935682f53960c0801d6bd6ace9d410bc76edda75162c579578085eaf101cb6200cd777efde7d4f8a8649ad13f6bfd47ea7c1dbf6bd930b7cbb34d7a4956bd22c74b28cfefdf52eae08e7bbbd182fdc1d2fa869ea935682f5595f5fef6fdbb6ad5343b0fe9eed90dbcaa16832b42556483d281a26b54edeff9ecab19251e8db97d926cddd7771b2ccf5b6ad132138d7f662bc200453d3d427ad84ea533b44570876c41dd6b65a7b2758797dd3da4a6b7f55d8b4576c8bec7281b539d6665a9b62f73dad4329acfdc1dae3b6238fb6f6905d7fc0dabdf6f808bb7da75d1f666d88ddbec56effa7b56becf6f7ad35d87ddfd569daecba5d8d5f68d77b27128973ecf24cbbef74bd526c2304876d813dff7c8a8610dc992fc2b2bcadb7abc7ef659a345f6dc764d9de7f4f2585e08cdb8bf182104c4d539fb412aacfbe7dfb7edcd92bc15bb76ed5d921b6e9d082debd7b7f22168b1d603be2c135353587daf52f5808fd92be592e994c7eddae9f1084d2d315521556ed762fbb7d81ddaeb6eb49855a855b855c855dbb3dd0aedf6c6db0ddbe5da158e1582159613908cdbfb5f698b571f6d89341b89e1284ed397984e00f15e2291a427027bf13d1b29211bcadd7de559a4c93667b26cb8a3b9eb023b717e30521989aa63e6925549f575f7df5f6ce3e26f8cd37df7cb50c8e09ce562c63ad75e79563f9b43c06c0b26c175e786138b18d68e7eebe7b86d5a25783fbdb6344a5f6fdae36c60bc60b6a9afaa49550081e3468d0b2ce3e3bc433cf3cf3a7523e3b84ce0491561cdbb4926cedb8621f43a4c1eace3befdc69832712097fc28409fefefbefef2f5ebcb8e5317b31917abeee5bb66c997feeb9e7a69a9e7bf8e187fb0f3ef8e04ebffb95575e493d5f3f3767ce1cbfbaba3ad5eaeaea523fa3c7a23f336fde3cff820b2e68794eb6e765fb7ffce4273fc9f99c1b6eb82175fdf1c71f4f1d2b1ede3f7af468568233b7f97a2724f201cdf67e7d6a5bab46859c7c9f95e03cb657a94cb2dabe1a57f27dbeeafe98638e29e8f7974afd97c14a30354d7dee520da7cfc3aaa3b04e35cf471f9b3d7bb67ff4d147fbf67f4dd5f337bef18d961ca0dbfbedb79f9b21f8aebbee1ad9d9e7091e3c78f0c4523e4fb0bec8232890cdc131c607677b6e4715cd8c1933523be2d0a143533bb77666edac6ae1ce1c9d1c1468a74d9be69f74d249fe45175de46fd9b2a5651251d30e7dce39e7ecf437f6da6b2fff80030ed0d9395a9e3b71e2c4d4efd5cfa7ff9b3ef399cff8679e7966c6e24b9fa4c27f7f18940f3df450fff4d34f4f5d571b376e9c7fd45147b5fa3ddaf7c2eba3468d6ab9aeff3f21b8cd89327d72da5ca4e3077765d2e498e02cdbab944270a6da56d3d8a071452d5acf6a613d3ff4d043a9dfb17af5ea92afff120ec1d434f5d9ee10accbb3cf3e3bb5df3efae8a3fed8b163530b63ba7fca94293b3dfff9e79f4f5dbef6da6ba94b3d77f3e6cd2d8f8f1f3fdebd107cebadb77ee9aaabaefaa813bf316e5b229178ad94bf312e168b7d4e1faacbe75be33aaa68b423ea955a78fba9a79e6ad931b5caabc7c2fba2abc093264dcaf8fbd243b07ebf9efff2cb2fa72e352969025228bef2ca2b5b5678a3615893d241071de45f77dd75ad5682f57bc20930d3c4a5db0af4d100fec31ffe30757dc58a152dbfe78c33ce48fd1d5d57b00f7f76d1a245a9cbbbefbedbf5103c471fc0cc3251b6679526db2993327d92bc9049d3f5b343b4b9bd4a2904eb456eb6c7350e68dcd118921e8235711e7becb1ad7e5fa9d67f0986606a9afa6c57d30aeeac59b376aa576d57d5a5ea73df7df7f5376ddad4aa46c3f9ff17bff8454b9df5ecd973a779ddc963f62de4fc75c182059d7528c468db116755cae4d79145a39d5041539384aeaf5cb9b22504eb72d5aa552dcfd56aaeeecbf6f7d343b09e3b60c080d4efd2efeddfbf7fea3e158a0a20d32bc1238e38223549a5ff6e05f28d1b37eeb412a490ad579de1ca8f1eebd7af5feaba0ea9d0ff2bd3ff37ba1274c82187a442bdae6bd548ab4b0eaf04b7b54ad4ded59a5ce70cdd6d1727cd6e55ee9e2738afed550a93ac567ab54df7de7bef369fa7c9548760a587e0830f3e3855d3e92fe24bb5fe4b280453d3d467876505adfa6a314bc157975a15d60b4dd5a9dea98dd6b76e473385c2afb280c682f05de1e8229c7321f8d24b2f8d5d7ffdf53b3a6135786322917841a72723046fdf69555793c571c71de7df73cf3da900ab9d5a21543bb81ed704a31d38fc990d1b36e4bd12ac15161ddf1b168fdeca4c5f7159b87061ab10acbfa9fb4e39e594d4db2df7df7fbf7fc20927a42ef54a53d7d30b531367783d0cd75ac1d68a73a64256c80edfa2d1abdbf07ef5035f9bbc4b72addae47bd2fc4227cdf0eddbf3ab50d293acea4cdb53eff2440fa14a6ffa5c815a7a08d6b184e921b894ebbf02c60b6adaa1faccd5349f870b65d1778c75f852f82254efcae83e3d4f2f503567eb76981bb412ac95711d0e19bec3ab17bc4e9feda97ffffe8b1a1b1b8b9a8075fcb156810b7c25ec44d168e754e00ddf7ed4db87e9873c4477fa4242b09a5ef5e9f71e7ffcf1a9401b86dee82bc33004ebad15055fb5b0a8a28742e82d4a4d52e9abd3ba7deaa9a7b65a09d2e479de79e7b53c4f7f4b1f88a98a1cd89f3e81ba7e4c703b655b3d2af45ba3f29d34c3bf47002e8349b62a381e589f29d0f5b60e8908af2bf8aa851f92d3cfa507e852adff0a192fa86942f04e8b66e13b2983070f6e752843980ff4ffd1f1bf615d85c70a476b6dfdfaf52d63415b2f8a2b3e04eb185d1bb4b62e5dbab42801d806be09f637d6e8fcbf144deba6c312d2036f184cc30fa145af171a82a31f9cab8a1c201f1645f458e1e804182d98f076b6e3f4f29d0475284778607ef4508c686186fff7e871c784e082578fd2dfc6ec5b55f83943334d9a7505ac52a18426d9f05088e8bb41c3870fdfe9395a3dd271826a993e183768d020ff9a6bae69193f4abdfe2b68bca0a609c13b1d031cbe586c6b25385a9fe17caf9560d5a516c1c2777cb530e6fc79ff6b6a6a92fdfbf7dfb26eddba0e0dc036903d9b48245656d261101d5d34e107d7a29348f8968702eb8d37deb8d3abbd4243b05eed69a55f2bc96161e8ad4eadee84934fa6df15ae1887c70bb51582a31fdc8b4e707afb26d301f75569c7046ae20bc3b9fe8dfa7775c42b534743707432eb9161f22be4a4f9d97ecea9d3a055c2245b157cee20bdbec333338441592dfa5669ae63824bb9fe2b6cbca0a609c12d35a3fa0d17b054af9956823385e0f485adf40fba3afde557c964b25f4343c3e68e5a11d60ab002703c1ebf89a2c9dec20f9a85a734a98a7c204eabbfdaa9d3df12a94a3b058a9a5ed9053b49eaac0fd1c7745c70557040bd6e87c5a3431ac26386a2af1cc3a6e37f75bc5ef8a19570b5385781869360a6c01f86fe471e79a4e5f9e1db31ba0cdfe2093f514e08eeb0b751770b567d0a3d4552facff5a8220097d524ab7aca145ec30fcde8748cd14320a21f9ad1ca5238716a22cdf529f252aaff0a1c2fa86942704bcd8481379cd7c37773a28b57e9efb084b5ace01c1edaa845324270c002eb253535359b9e78e289f7daf161b98d3ffde94f1fd62110d6ea299a5ddfd1a3aff0d2bff8223cde27dac2d594f02dcff473056b85589fbc4e0fd02a82134f3c31ebdba8e139095f78e1857685603505e9aab40fc384d7f9dae4a24f9ac5785b16253ac9ea45aecebcd0d63940b58a5b95e16c333a4c2b3c8559f44b7ccaa9fe2b74bca0a61d0fc19abfa3e7f80d836d78a891be0423db29d29411f42e70f822345c54cbf525584ed5a78e114e241253faf7efbfd642cfd642ce033c69d2a43116a2e7eb437095760c7039170d5fb34810ee8049ceb92fc260bc60bca0a6a94f9aa3f56941f66285e1fafafa75c3870f7fe9d9679f5dd9dcdcbc462b83b275ebd6b5f62ae2d5a6a6a63f0e1932e4a96432b95ce157abbf957416088a86a2a900ed7dbb934320182f182fa869ea93e65e7d5ab8fdbce779d758b81d6b6d85b56dc137b0e87295b5467d1572297f131c4543d160973ff9cd87e0182f182fa869ea93467d82a2a168ca5aa16f7ff27629e305e305354d7dd2a84f5034148d5341585f9bca37c1315e305e50d3d4278dfa044543d1548c1ec164d8a38dc7d73359325e305e50d3d4278dfa044543d1b8b222ccdba58c178c17d434f549a33e41d150344e0561264bc60bc60b6a9afaa4519fa068281aa782f008264bc60bc60b6a9afaa4519fa068281a97f4d0690fab386512e305e305354d7dd2a84f5034148d4b8209138c178c171520168bed6135fd2195477d529fa068281a1082192f68ce8c170d0d0d7b594d7f40e5519fd427281a8a068460c60b9a33e3457d7dfd3efa56572a8ffaa43e41d150342004335ed09c192f6a6b6bf7b39a7e8fcaa33ea94f14c5942953d8314bbb6db3a2d9c19e4a0866bca0b9365e2493c94f594d6fa2f2a84fea13453173e6cc35ebd6ad63e72cd1d6dcdcfc9815cd12f6544230e305cdb5f12291481c6435fd372a8ffaa43e511453a74e3d6ffaf4e9efbcf5d65b5bd9494beb15a30aa6a9a969a5b58bd95309c18c1734d7c60bcff30eb69a5e4fe5519fd4278ac6364a2f7b75325fcbf43a5ea55cdb9831637c85a072fe3f449ab6c5120a8610cc78417375bcb0107c88d5f45aaacecdfab4ed4f7d020504a04685a0eeddbbef496f10820194b79a9a9a43ada6dfa427dcc3e9f18002c4e3f193ad60762804d9ab47be5d88100ca0cc2593c9cf5b4dafa227dcd3bb77ef4fd8b6df424f00f985e0f10a40419b4f8f10820194b744227184d5f4ebf4847b62b1d801b6eddfa12780dcc1a75bb80a1c360bc5bde819423080b20ec15fb49a7e8d9e7032047f860f4502f9059fc668000e5783393698100ca0ac43f097ada697d2134e8ee5ff64ad999e00da2e9456abc061f33cef7c7a88100ca03cd9187eacd534e75575f3051087c20079849ea73205e0a0cda18708c100ca532c16fbaa05e197e80927b7fdd1369e2fa32780ec8127eb2a30c70613820194b76432f9751bc317d113eeb1edfecf369ebf4c4f00d9034f635b0198334510820194af442271bc85a13fd313eef13cef1b369ebf484f008420b0fd011743f0bf5a4d3f4f4f3839967763110b200481ed0fb81a82ffcd6afaffe809f7789e778a6dfbe7e809801004b63f40108233aaababcfb0ed3f839e00084160fb032e86e0d3aca69fa5279c1ccbbf65ad899e00084160fb03ce6135d0e917403d740a547a02200481ed0fb81882bf6961682a3de1e458dec7da047a02200481ed0fb81882cfb2103c999e708f6df78be2f1f8ffd2130021086c7fc0398944e21c0b424fd313eeb1ed7e8905e131f404400802db1f7031047fc7c2d0447ac2c9b1bcd6da287a02200481ed0f38c7f3bcde16829fa4279c1ccbfb59fb353d011082c0f6079c6301f83cabe927e80927c7f2cbaddd474f008420b0fd011743f08556d3e3e809f7789e77b56dff9fd3130021086c7fc0c5101cb330f47b7ac2c96d7f9d6dfb9fd2130021086c7fc0c520c41902dc1dcb6fb4369c9e00084160fb032e86e0a485e0d1f4849363f9add686d2130021086c7fc0c5105c6721f837f4849363f96db6fd7f444f008420b0fd0117ebb9dedac3f4847becc5cf8f2d04df444f008420b0fd0117ebf9526b23e909f75800fe8905e1ebe909801004b63fe0623d37587b809e7072dbdf6d6d003d011082c0f6079c138fc7afb09afe253de1e458fe4b6d7f7a02200481ed0fb81882afb29abe879e7072dbffcaf3bccbe809801004b63fe06210fa8105a1ffa127dca3b382e8ec20f404400802db1f703104f3ad61ee8ee58fdab6f7e809801004b63fe0623ddf60ed2e7ac2c96d3fd6dac5f404400802db1f70b19ef9ea5c77b7fd13f178fc3c7a02200481ed0fb858cf375b1b464fb8c702f0c44422f11d7a02200481ed0fb858cf83f4f5b9f4847b3ccf9b5c5d5d7d163d011082c0f6075cace721d606d3134e6efbe91684ff839e00084160fb032ed6f3506bb7d2134e6efbd9d6fe9d9e00084160fb032ed6f3301d174c4f38b9ede7c5e3f113e909801004b63fe0623d0fd71922e809f75800fe732291389e9e00084160fb032ed6f35d3a57303de11ecff35eb2f6357a02200481ed0fb858cf3fb3762d3de1e4b65f9a4824be4c4f008420b0fd0117ebf96e6b03e80927b7fd0a6b47d2130021086c7fc0c57abed7daf7e90927b7fdea582c76183d01108290795b376a7be768f3e929a06c6bfc3e6b97d3134e6efbb76a6b6b3f4b4f00846064ded6ddaced682b04c7e3f15ef41450b635fe80b5067ac2c96dffb7442271103d011082917d7b3fd546089ed3bd7bf73de925a06ceb7ba4b54be90927b7fd7bb5b5b5fbd113002118d9b777b76c21d8f3bcf3e921a0acebfb616bf5f48493db7e7b2c16fb077a022004a3ed6d9ee9d8e0f9ac0203655fdba3acd5d2134e6efb8fed62377a022004a3ed6ddeead8608e05062aa2b67f672d414fb825168bed61dbfd437a022004230f167ac7b30a0c54dc78fe98b5383de196fafafa7d6cbb6fa327004230f20bc127478e05ee418f00e5cf6af9f756db317ac22dc964f25336966fa227004230f2dff6a963835905062aa6a6c75908be909e704b5d5ddda76ddbbf4d4f008460e4bfedbbb1fd818aaae9272c049f474fb825168b7dceb6fd1a7a0220041795effb7b2e5fbe7cecdcb9733f9a32658a3f79f2645a09b4a6a6267fe6cc996f5bab612f85c3e379231f727572bb1f6eed0d7a022004179502f0ac59b3fc75ebd6f9dbb76fa795505bbf7ebd3f63c68c4d16882f664f85a3e3f99f2c04f7a427dc924824be68dbfe357a0220041795568009c0251d84b74f9e3c79097b2a1c1dcf9fb110fc6d7ac22d9ee71d6bdb9e710f200417970e81206c9676b310bc833d158e8ee74dd5d5d567d1136e4926935fb7173f8be80980105c543afe94a059f221987d1a4ef23c6faa85e06fd2136eb1007c82cde50be80980105c1221f8bd77d6f8cbe73fecbfd4745baae9baee23a41282812286e0191682cfa0279c9bc74fb236979e0008c15d1e82376f6cf6173f33c87f71e2c09d9aeed3630455423050a4f1fc590bc1a7d213cebdf839cdb6fd2c7a0220047779085ef5d293ad0270d856bfd44850250403c51acfe7e8db20e909e742f0993a14869e0008c15d1e82974cbb236b08d6630455423050a4f17c9e85e013e909b7241289736cbb3f4d4f0084e02e0fc18b270fc91a82f5184195100c14693c5fa00f49d1136ed117a4e88b52e80980104c082604b34fc3d530f4e74422713c3de1dc3c7e81b53fd0130021b8cb43b0ce06912d04eb31822a21182852085ea473c6d2136ef13cafdae6f2c7e9098010dce52178d9ec7bb386603d4650250403450a432fc562b1afd213cebdf849dab61f4d4f0084e02e0fc11b9a17f98b270d6e7d2884dda7c708aa8460a04821f8150bc15fa1279c0bc1dfb56dff103d011082bb3c04abad787e54ab10acfb08a98460a088e3f9320bc147d313ce6df7066b0fd0130021b8eb43f0fbeffbcb9ebbaff5a110769f1e23a8128281228de7cb2d041f454f38b7ddbf6fed5e7a022004776908d637c22d9d7d4fd66382f518df1a4708068a349ebf9e48248ea027dce279de35f1787c043d011082bb2604bfffbebf66d954ff2f4fdf9c3500874dcfd17359152604031d3c9eaf4a26939fa727dc620178a005e13be9098010dce92138d7ea2fabc28460a093c6f3376b6a6a0ea5279c0bc1b75808be9d9e0008c19d1e82f359fd6d6b5598e04a08063a683c7fabb6b6f6b3f48473db7d88b5c1f4044008eef410bcab01386c04574230d041e3f9db7575759fa6279cdbeec3acdd4c4f0084e04e0fc1344230500ae2f1f8c6fafafa03e909b7e878601d174c4f008460423021d8cfb1cf77b309633c7b332a300cbddba74f9ffde909e75efc8cd01922e80980104c082604fbd9c2afb5466b3bd8ef51a1e3f97bb5b5b5fbd113ce85e05fe85cc1f404400826041382fdb6c26fd8d89b5181e3f9b6fafafa7de809e7b6fb83d6be474f008460423021d80f56474ed6610fe9e197108c0a1ecf3f686868d88b9e706ebb3f6cad9e9e0008c18460c7db983163fc4c2bbf846038309e7f3464c890dde909b7789e37da5ef027e90980104c0876bcb5157c69b44a6f8cd24ecee38f5b10aea6270042704586e0f5ebd76b3bf963c78ef5b76cd9e21f71c411fe99679ee9d7d5d5a5da840913528fa7ff9cee1b3e7c78d6dbd9daf8f1e3fdc30f3f3cebe32fbffcb2ffca2baf64fc7b8f3cf248491c0e515d5d7d96eddf73080b002a7c1eff83b50be80980105cb12bc1f3e6cdf30f3df4507fdbb66da9b0a920aacb7beeb9a7258086cf3df1c4135b82f1430f3de41f7cf0c1fef3cf3f9fba7deeb9e7b63ca6df11fecc7efbede79f73ce39a9c7060d1ae41f74d041fe2db7dcd2f2dc3973e6b40abcfa374d9932c54f24123bfdbd71e3c6a5aeaf5ebdbacb3f18e7795e0fdbcf6711820154e83cfe476be7d2130021b86243707a001d356a54eab27bf7eefeac59b3760ac1cb962d4bade686a1f494534ef11b1b1bfdd1a347b7fcfce38f3fdeea773efae8a3a9eb0ab45a6d8e3e96fefcd9b367b7ac52ebdf100dc1ba54382ea553a4052bc3b308c1002a6c1e7f261e8f7f9b9e0008c1151782b59aaa80b9efbefba6c26e184aefbffffe96d0a9d5e068080e5773c3b0bcc71e7bf843870e4d05448557ddafa09c1e824f38e184ac2bc1d3a64d6b391422bc6fd5aa55a9eb175d7451cb7dd1ebe1cf94d29765042bc373d89b0154021bd3a6da8bfc6fd2130021b8e242b05a7808840e330803ab567ad3436c787dc58a15a9555fdd77dc71c7a542a9eedfb06143ea3e1b3033ae2e87abbd6dad04eb98e4f0be458b16a56e1f76d861fed9679f9dfab930b02b20f3b5c90050f4797c9605e1d3e80980105c9121383df85605872e2870ea38e1b56bd7ee14824f3ae9247fe2c4892dc7e51e73cc31a9c321f4a1b5f043766afab9424370f43e7d502fbcaebf19fd905eb86a4d080680a2cee373ad9d444f0084e08a0ec18b172ff6376ddad4722844b8b2abfbc310ac1558adce2a8c6afbeaf2a8a38ef2afbcf2cad4f5f0436be9c7ec56e5793844f4f95a09d6aab3aecf98312363402604034051e7f117acfd0b3d0110822b3a042bfc1e7becb12d1f84d3eaac2ec3209a7e0885cee8a0cb30c8ea52c707871f904bfffd61304e5f091e397264c6e71f70c0012dabd0fa701c2bc100d0e9f3f85fe2f1f871f4044008aee810acc31974a9955e5dae5cb9d29f346952ab6382a33fb370e1c256a13657cbe7f9faddda7fc2ebe1f1caac040340e7f13cef95582cf6157a022004576c08debc7973ea0b2a74e843f4fef0fcbf3a3770a6f3042b380f1e3c3875aee0f0f086304cebf8e04c7f4b87459c7efae939bfc0231a7af56fd3f1c7e1a9dba2c71b138201a068f3f86b8944e28bf4044008aed8105ce8d9245cfdda64423000c7e6f137ac1d4e4f00846042b0e38d100cc0b1797cade77987d013002198104c08669f06e0d23cbe21168bfd233d01108209c18460f66900cef03cefdd3e7dfaec4f4f008460423021987d1a804bf3f8b6fafafa7de80980104c082604b34f0370691eff30168bed414f008460423021987d1a8013860c19b2bbcde31fd113002198104c2304037046cf9e3df7b679fc7d7a022004138269846000ce88c5629fb4797c333d01108209c13442300067241289836c1eff1b3d01108209c13442300067d4d6d67ed6e6f1b7e80980104c08a61182013823168b1d66f3f86a7a0220041382698460002e85e0a36c1e5f4e4f00846042308d100cc019f178fc189bc75fa527004270d14d993285a059da6d9b85e01deca9005ce079ded76c1e5f4c4f0084e0a29b3973e69a75ebd611364bb43537373f662178097b2a0017241289e3e3f1f89fe90980105c7453a74e3d6ffaf4e9efbcf5d65b5b099da5b502ac00dcd4d4b4d2dac5eca9005c6001f8449bc7e7d1130021b85358c8ea3579f2e4f97adb5dc79f9673d3f62ff7ff43d0b42d96108001b8a4babafa541bc79fa527004230d8fe00e0d218deddda347a02200481ed0f00cef03cef6c1bc727d1130021086c7f0070462291f84e3c1e9f484f008420b0fd01c0191680cfb371fc097a02200481ed0f002e85e0988de363e909801004b63f00b8348627acfd8e9e00084160fb0380333ccfeb6be3f823f404400802db1f005c0ac197c5e3f15fd1130021086c7f00708605e02b6c1cff253d011082c0f6070097c6f001d6eea627004210d8fe00e0d2187e83b5bbe809801004b63f0038c3f3bc1fda38fedff404400802db1f009c118fc77f6441f8bfe809801004b63f00b834860fb5762b3d011082c0f6070097c6f0e1d66ea427004210d8fe00e0d218fe336bd7d2130021086c7f0070690cbf271e8f5f454f008420b0fd01c0191680eff73caf3f3d011082c0f6070097c6f05f5beb474f008420b0fd01c0a5317c94b55a7a02200481ed0f002e8de18f598bd3130021086c7f0070690c1f178fc72fa427004210d8fe00e00c0bc04f7a9ed79b9e00084160fb03804b63f85316827bd0130021086d6feb466def1c6d3e3d05006533ae3759fb163d011082d1f6b6ee666d475b21381e8ff7a2a700a06cc6f599d5d5d567d013002118b9b7f7536d84e039ddbb77df935e0280d2e379dec1364e1f595f5f7f60644c9f138fc74fa677004230726fef6ed942b00db0e7d34300509a2cecded4c6bb781bed7285b525d1900c80108c9db779a66383e7b30a0c00a5cbc2ed3e3656afc9f1b98ebbe82980108cecdbbcd5b1c11c0b0c0065317edfd04600dea64326e82580108c3658e81dcf2a30009497e0b8e0cd5942f0107a0820042377083e39722c30e7980480f299b7efca744c30c702038460e4bfed53c706b30a0c00e5c3f3bc63337cb0f9327a06200423ff6ddfedc20b2f64fb0340f98ddfbf8d84e0a52c6600846014468741f8c12500a04cc462b1a3c30f38c7e3f12be81180108cfc9d656da3b511c12567870080f29abf7548db473d7bf6fc14bd0110825158000e83af5682d7138401a0742593c9cfc7e3f1ab6cde1e6b6d99b52de1a9d1f44519c1597f6ed0f3e82d80108cdc0138d7fd00802ea46ff3b436d9daf61c5f94116dd3ecf935f41e4008c6dff5c81174c3c739461800ba7e7e3ed282ecd30504df4c6d968e1fa637014230013877c065451800ba583c1ebf249148fc2d1a6893c9a4ffe31fffd89f3a75aaffc61b6ff8efbefbae2f5bb66cf19b9b9bfdd9b367fb23468cf06b6b6bd383f06656850142b0abceaa2a6c85b7d0e703003a2e00f7b2d0fa6134fc8e1e3dda5fb76e9d9f8f8d1b37a69eaf9fe35cc2002198005cf8caae7e6e334118003a35005f120dc0d75d775d6ad57757e8e7060e1c981e8459110608c104e04ef8790040fef3f191d14320060f1edc72c8c3aed2a112c3860d4b3f34e2587a1b200457b25c1f82ebecdf0300688305e0a6e80a707b03703408a7ad08cfa2b7014270a507e08e3a948115610028229d062d7a0cf0ae1e02d1d6a111d16384392c02200457a2f40fb5ed66ad6f705988f49fe3c3720050bc103c390ca8fa505b318c193386d56080105cf101b85724c8feda9a1f5ce61b84b3fd1c4118000a9b63c7e63a0657dff0167e184eabb51b366c284a08d65923d24e9f76245b08846054620096be4190f50b08c2d1001cb6bac8e31c230c0005ccb1c1e10763e2f1f871999e137c1572ea7977de79a75f4c3a8f702404dfc016022118e52e5b30cd1468db0ac2999e3f32c3f3394618000a08c191363691481c9ff69cb1e1e3d3a74f2f6a08d6176a44fe2d8d6c211082510901b84701c1365310ce3700a707610e8d0080fc4370b8323cd9da69c1739685f777f407e2d2e99be522ff8e556c21108251aef20da2b98270a10138faf7d757b1220c000585e0487bcadad6f076479d16adadd3a545fef636b61008c128e7009c6f00cd168477dfc5001ce21861a074ecd6bd7bf73d63b1d83fd4d7d7efd3bb77ef4ff4e9d3677fbb7d40229138c8f3bc836b6b6b3f6bb73f67ed301bff0fb7fb8fb0eb47593b3a1e8f1fa30f7159fb5a3299fcbaddfe7ff69c7fb1d6cd9ef76f76fbe4eaeaea53edf6e9f69cffb0ebdfb47696ddff6dbbddc3ee3fd72e7bdbedf3ac5d68b72fb6dbd5fa16346b49bb5d6bb7fbda653f7d85af5d3658bbdcdaf7edf6d5f69c1f58bb4ec7aadaedffb4f643bb7d8bdd1e646db0b5dbecbedbedf2bfedfe3becf22ebbfd53bb3ec2dacfedf6bdd67e69ed01bbfd2bbbfcb5b587ad8db2e78db6cb47ad3d1e1c7e30ceda13f6bc27edf28fd6fe64ed99e02c0d53ac4db736d3dab3d69eb3f67fd6e65b5b606da1fddc22bb5c6ced656baf06abb9af597bddda1bd6565b5b934708fe387abb3344ff1e250342302a3d00b715845f6d47006eefbf072518a22c0cedd1d0d0b057cf9e3df75688b2db9fb440f42985a8bababa4fdbedcf585038c4c68e7fd2a7daedf61714a22c147cc99ef3658528bbfd557d08c8ae7f4321caeeff57bb7da24294ddfe77bd0d6ce1e90c8528bbfd2dbb7db642943def3bf69c5e765f1f6b17d87d17d9ed98429449e8dca60a5176fbbb76fb526bdf5388b2fbaed4878b14a2ecf6b576fb7abb3ed0da4d76fb666bb72a44d9fdff659743ad0db336dc6edf69cff9894294ddbedbda3d0a5176fb7ebb7cd0da4885287bde6fecf2b741887acc6effde9ef3bfd6c6dbed093ab65221ca6e3f6d9793821035cd9e3743a7a20a42d45c6bf314a2ec797fb6cb17adfd4521ca9ef78a5d2e0d42d40a6b2bf556b5b537adadb5b6ceda06fbb98d76b9c9da7bc1eae1fbd63eb0f6512450edb0b65dab7cd6b6d8ef7ed72edfb1a66f225b6fedad209c3507614da16d7910e214e69628dc05216fa1b51782f0a710382708850a87d3ed774f0d42e333c18ae61f8350f944103215361fd787c282103acada230aa741487dc0da7d0aaf0ab1f69cff51a855b855c8b5eb3f0e42ef6dd686280c2b142b1c2b242b2c2b34dbf56b14a215a6edf6150ad741c8ee67ad5ee15b21dcfbbb6a85738574857585768577bbde53615ea1deee3b53215f615fa1dfae9fa217017a3160cf39412f0ef422412f16ecfa3febc5835e44d873bea817157a71a117197ab1d146f85d60bffb7c7bd1b28fbec58d9560a08b427030808603a706d6f734700603ee8660005e1b0cc8ab82015a03f55f83817b893dffa560400f07cde7330d9a9a1c2283e69fc24133984cc66972d124134c36bf0d269f8783c94893d27df6dc5f68b2d28069973f0b26b1bc074c4d941a30357106ab105a8db85413ab26584db49a70adc535016b220e4e64de4713b4064b1be8ce09074bbbbf7baec152a140e14083a5c2824283064b85088509850a850b858cfafafa03153a143eacedab30a2d59d214386ecde012baf9982707b02707a10eea17fa7febdfa77ebdf5f5b5bbb9ffe3ffa7fd9ed7fd46a94febf353535870613c51782af0bfda226126b5fd1c4a20946214a1f22515faa4fad9da43e565f2b44a9ef8309eb6c6d136d1b4d68da56da66c14417d3b6d4eca789d05a5d30316a82fc9edddd5f1367f009ed019a5083fd64a0ddbe51fb8f4294ddfe51b05f69ff1aa6fd4dfb9df63fed87da1f359107fbe77dc1043fd2ee7f2898f815a27ea740a060a01065977f080243a3dd9e180409d54693024650330a51b3835a9a17d4d60b41adfd25a8bd25412dfe350834af07b5da1c041ed5f0db41107a279874b704414921eac320407d1c5cff2008585b82e76e0a7ef6edc878d01c190f9687e381025d643c7831321ecc0bfe0ffabfcc52400cfe8f4d41707c2ae883c62058fe417da43121e8b3df057df848d0a76d8e090ab8da4641e055f01d126cc35b83607ca3b6b102b3b6b9b67d10a4afd03e11046c05ed7aed334100f7728d0b41a04f8d0bda4715f8b5cf6adf0d5e089ca07d5afbb65e28685fd73eaf1710aa01d5826a4263836a241c1b543be1d8a09a0ac706bd6009c60694ee1c1b6d4bf4a24e6364e4391c130c749530b4e82db430b4e82db430b4842b3f1a90c3951f0dd499567ec2b7cfb4f293e9ed334d0ee1db676160d12bf14c8145934e24b0b4b9eaa390ab559f7cde3acb37ace45af189bc6d362dd7db6691a0f26a96a012aef6bc1d59edd91c59edd911aef6d8261bd1ce4dbe7b8615e05783fbdb6344da8baaf7c31755faff445e54ad8fbca85a1d7951a555b065c1aad8cbc15b8d2f06ab660b823e9d1bf4f1b3c12adbb4601b4c0a56e1fe14bcb53921d30b2bad46455e58e9add2078355bf5f06ab80776b5530d84feed46aa1f61f85a860157170b07fddacfd2d78cbf67aed87f9beb8d204a8d5288528ad76066f1df7d22aa85643551b5a1dd52a695033a769f554b5a49a526da9c6546baab9f005966a31d30bace0adefd40b2cade6eaad71bdc0d22aafde325788d2ea6f3b5e0001c81d8235b6d5a8e6323c87b34300401edafb95c86dad0417f2851a595782d94400d01270b5f8511f5df94dc7798201a0b0c0b9b9aa38c704ef4a10e6986000c8a0adf01b0adeb5d9d119df18575353f331df1807a0128270212bafd94e8396e9ec10850461ce0e0100ed141c5e970aa7a3478f2e4a081e33664c74157816bd0ea0128270ae009aeb3cc0857eb35ca85b15e70906808e08c1e7870155abc11dfd0139fdbe4422f171e4cb3a6ae87500e52ed74a6cbe5f845168100e0fc9389f4d0000ed177cd0371552afbbeeba0e3b5d9a4e8b76fdf5d77f185d05cee7300d002807d956840bfd26b87c8370f8f708c000d07121f8c8e0ec39a9b03a78f0e076076105e061c386458f03deacb3c9d0db002a895684d30f4de85b55f879803305e1bab4bfc331c0005004c117c3ec88ae08efeaa111fab9b415600e830050d14138fa61b968a02de48b30b2fd1ca7410380220bce8dbf237a8cb03e2ca7b33be47b16087d082e7a0cb09ace6d4eef02a864e9874628c0d655157edab3f49f6beff989010079d28a70f005437e340ceb3cc2fa420dadf286874ae890077d139cbe08e3e73fffb9dfb76fdf8fd2bea54e5fbc544faf02703108b757a6432d000045a46384a3a74edbc5368b63800110844b235003000a0bc3170761784721e137d737d50140256bef210c1c0201002542df2c6761f81a0bb763adadb0b62d08bcba5c65ad515f85cc37c101c0ce41b6d0955c3e0407000080b256e8210d1c0201000000a782b0be0a996f8203000040c5e81104dc1e6d3cbe9e000c0000804a936d45984320000000e054102600030000c0a9203c82000c00000097e81860bf8ad3a0010000c03107d20500000000000000000000000000000000000000000000000000000000000000000000805df1ff01daa2c22ed3e145950000000049454e44ae426082, 1);
INSERT INTO `act_ge_bytearray` (`ID_`, `REV_`, `NAME_`, `DEPLOYMENT_ID_`, `BYTES_`, `GENERATED_`) VALUES
('3ab2d1b6-3dd3-11e6-81cd-408d5c90f72f', 4, 'source', NULL, 0x7b227265736f757263654964223a2233616131316537352d336464332d313165362d383163642d343038643563393066373266222c2270726f70657274696573223a7b2270726f636573735f6964223a226c65617665222c226e616d65223a22e8afb7e58187e6b581e7a88b222c22646f63756d656e746174696f6e223a22e8afb7e58187e6b581e7a88be6bc94e7a4ba222c2270726f636573735f617574686f72223a22222c2270726f636573735f76657273696f6e223a22222c2270726f636573735f6e616d657370616365223a22687474703a2f2f7777772e74616e67686f6d2e636e2f64656d6f2f61637469766974692f6c65617665222c22657865637574696f6e6c697374656e657273223a227b5c22657865637574696f6e4c697374656e6572735c223a5c225b5d5c227d222c226576656e746c697374656e657273223a227b5c226576656e744c697374656e6572735c223a5c225b5d5c227d222c227369676e616c646566696e6974696f6e73223a225c225b5d5c22222c226d657373616765646566696e6974696f6e73223a225c225b5d5c22222c226d65737361676573223a5b5d7d2c227374656e63696c223a7b226964223a2242504d4e4469616772616d227d2c226368696c64536861706573223a5b7b227265736f757263654964223a2273746172746576656e7431222c2270726f70657274696573223a7b226f766572726964656964223a2273746172746576656e7431222c226e616d65223a225374617274222c22646f63756d656e746174696f6e223a22222c22657865637574696f6e6c697374656e657273223a22222c22696e69746961746f72223a226170706c79557365724964222c22666f726d6b6579646566696e6974696f6e223a22222c22666f726d70726f70657274696573223a22227d2c227374656e63696c223a7b226964223a2253746172744e6f6e654576656e74227d2c226368696c64536861706573223a5b5d2c226f7574676f696e67223a5b7b227265736f757263654964223a22666c6f7732227d5d2c22626f756e6473223a7b226c6f7765725269676874223a7b2278223a34302c2279223a3132307d2c2275707065724c656674223a7b2278223a31302c2279223a39307d7d2c22646f636b657273223a5b5d7d2c7b227265736f757263654964223a22646570744c65616465724175646974222c2270726f70657274696573223a7b226f766572726964656964223a22646570744c65616465724175646974222c226e616d65223a22e983a8e997a8e9a286e5afbce5aea1e689b9222c22646f63756d656e746174696f6e223a22222c226173796e6368726f6e6f7573646566696e6974696f6e223a66616c73652c226578636c7573697665646566696e6974696f6e223a747275652c22657865637574696f6e6c697374656e657273223a7b22657865637574696f6e4c697374656e657273223a5b5d7d2c226d756c7469696e7374616e63655f74797065223a224e6f6e65222c226d756c7469696e7374616e63655f63617264696e616c697479223a22222c226d756c7469696e7374616e63655f636f6c6c656374696f6e223a22222c226d756c7469696e7374616e63655f7661726961626c65223a22222c226d756c7469696e7374616e63655f636f6e646974696f6e223a22222c226973666f72636f6d70656e736174696f6e223a2266616c7365222c22757365727461736b61737369676e6d656e74223a7b2261737369676e6d656e74223a7b2263616e64696461746547726f757073223a5b7b2276616c7565223a22646570744c6561646572227d5d7d7d2c22666f726d6b6579646566696e6974696f6e223a22222c2264756564617465646566696e6974696f6e223a22222c227072696f72697479646566696e6974696f6e223a22222c22666f726d70726f70657274696573223a22222c227461736b6c697374656e657273223a7b227461736b4c697374656e657273223a5b5d7d7d2c227374656e63696c223a7b226964223a22557365725461736b227d2c226368696c64536861706573223a5b5d2c226f7574676f696e67223a5b7b227265736f757263654964223a22666c6f7733227d5d2c22626f756e6473223a7b226c6f7765725269676874223a7b2278223a3139352c2279223a3133357d2c2275707065724c656674223a7b2278223a39302c2279223a38307d7d2c22646f636b657273223a5b5d7d2c7b227265736f757263654964223a226578636c75736976656761746577617935222c2270726f70657274696573223a7b226f766572726964656964223a226578636c75736976656761746577617935222c226e616d65223a224578636c75736976652047617465776179222c22646f63756d656e746174696f6e223a22222c226173796e6368726f6e6f7573646566696e6974696f6e223a2266616c7365222c226578636c7573697665646566696e6974696f6e223a2266616c7365222c2273657175656e6365666c6f776f72646572223a22227d2c227374656e63696c223a7b226964223a224578636c757369766547617465776179227d2c226368696c64536861706573223a5b5d2c226f7574676f696e67223a5b7b227265736f757263654964223a22666c6f7734227d2c7b227265736f757263654964223a22666c6f7735227d5d2c22626f756e6473223a7b226c6f7765725269676874223a7b2278223a3239302c2279223a3132377d2c2275707065724c656674223a7b2278223a3235302c2279223a38377d7d2c22646f636b657273223a5b5d7d2c7b227265736f757263654964223a226d6f646966794170706c79222c2270726f70657274696573223a7b226f766572726964656964223a226d6f646966794170706c79222c226e616d65223a22e8b083e695b4e794b3e8afb7222c22646f63756d656e746174696f6e223a22222c226173796e6368726f6e6f7573646566696e6974696f6e223a66616c73652c226578636c7573697665646566696e6974696f6e223a747275652c22657865637574696f6e6c697374656e657273223a7b22657865637574696f6e4c697374656e657273223a5b5d7d2c226d756c7469696e7374616e63655f74797065223a224e6f6e65222c226d756c7469696e7374616e63655f63617264696e616c697479223a22222c226d756c7469696e7374616e63655f636f6c6c656374696f6e223a22222c226d756c7469696e7374616e63655f7661726961626c65223a22222c226d756c7469696e7374616e63655f636f6e646974696f6e223a22222c226973666f72636f6d70656e736174696f6e223a2266616c7365222c22757365727461736b61737369676e6d656e74223a7b2261737369676e6d656e74223a7b2261737369676e6565223a22247b6170706c795573657249647d227d7d2c22666f726d6b6579646566696e6974696f6e223a22222c2264756564617465646566696e6974696f6e223a22222c227072696f72697479646566696e6974696f6e223a22222c22666f726d70726f70657274696573223a22222c227461736b6c697374656e657273223a7b227461736b4c697374656e657273223a5b7b226576656e74223a22636f6d706c657465222c2264656c656761746545787072657373696f6e223a22247b61667465724d6f646966794170706c79436f6e74656e7450726f636573736f727d227d5d7d7d2c227374656e63696c223a7b226964223a22557365725461736b227d2c226368696c64536861706573223a5b5d2c226f7574676f696e67223a5b7b227265736f757263654964223a22666c6f773131227d5d2c22626f756e6473223a7b226c6f7765725269676874223a7b2278223a3332332c2279223a3234357d2c2275707065724c656674223a7b2278223a3231382c2279223a3139307d7d2c22646f636b657273223a5b5d7d2c7b227265736f757263654964223a2268724175646974222c2270726f70657274696573223a7b226f766572726964656964223a2268724175646974222c226e616d65223a22e4babae4ba8be5aea1e689b9222c22646f63756d656e746174696f6e223a22222c226173796e6368726f6e6f7573646566696e6974696f6e223a66616c73652c226578636c7573697665646566696e6974696f6e223a747275652c22657865637574696f6e6c697374656e657273223a7b22657865637574696f6e4c697374656e657273223a5b5d7d2c226d756c7469696e7374616e63655f74797065223a224e6f6e65222c226d756c7469696e7374616e63655f63617264696e616c697479223a22222c226d756c7469696e7374616e63655f636f6c6c656374696f6e223a22222c226d756c7469696e7374616e63655f7661726961626c65223a22222c226d756c7469696e7374616e63655f636f6e646974696f6e223a22222c226973666f72636f6d70656e736174696f6e223a2266616c7365222c22757365727461736b61737369676e6d656e74223a7b2261737369676e6d656e74223a7b2263616e64696461746547726f757073223a5b7b2276616c7565223a226872227d5d7d7d2c22666f726d6b6579646566696e6974696f6e223a22222c2264756564617465646566696e6974696f6e223a22222c227072696f72697479646566696e6974696f6e223a22222c22666f726d70726f70657274696573223a22222c227461736b6c697374656e657273223a7b227461736b4c697374656e657273223a5b5d7d7d2c227374656e63696c223a7b226964223a22557365725461736b227d2c226368696c64536861706573223a5b5d2c226f7574676f696e67223a5b7b227265736f757263654964223a22666c6f7736227d5d2c22626f756e6473223a7b226c6f7765725269676874223a7b2278223a3436332c2279223a3133357d2c2275707065724c656674223a7b2278223a3335382c2279223a38307d7d2c22646f636b657273223a5b5d7d2c7b227265736f757263654964223a226578636c75736976656761746577617936222c2270726f70657274696573223a7b226f766572726964656964223a226578636c75736976656761746577617936222c226e616d65223a224578636c75736976652047617465776179222c22646f63756d656e746174696f6e223a22222c226173796e6368726f6e6f7573646566696e6974696f6e223a2266616c7365222c226578636c7573697665646566696e6974696f6e223a2266616c7365222c2273657175656e6365666c6f776f72646572223a22227d2c227374656e63696c223a7b226964223a224578636c757369766547617465776179227d2c226368696c64536861706573223a5b5d2c226f7574676f696e67223a5b7b227265736f757263654964223a22666c6f7737227d2c7b227265736f757263654964223a22666c6f7739227d5d2c22626f756e6473223a7b226c6f7765725269676874223a7b2278223a3533352c2279223a3132377d2c2275707065724c656674223a7b2278223a3439352c2279223a38377d7d2c22646f636b657273223a5b5d7d2c7b227265736f757263654964223a227265706f72744261636b222c2270726f70657274696573223a7b226f766572726964656964223a227265706f72744261636b222c226e616d65223a22e99480e58187222c22646f63756d656e746174696f6e223a22222c226173796e6368726f6e6f7573646566696e6974696f6e223a66616c73652c226578636c7573697665646566696e6974696f6e223a747275652c22657865637574696f6e6c697374656e657273223a7b22657865637574696f6e4c697374656e657273223a5b5d7d2c226d756c7469696e7374616e63655f74797065223a224e6f6e65222c226d756c7469696e7374616e63655f63617264696e616c697479223a22222c226d756c7469696e7374616e63655f636f6c6c656374696f6e223a22222c226d756c7469696e7374616e63655f7661726961626c65223a22222c226d756c7469696e7374616e63655f636f6e646974696f6e223a22222c226973666f72636f6d70656e736174696f6e223a2266616c7365222c22757365727461736b61737369676e6d656e74223a7b2261737369676e6d656e74223a7b2261737369676e6565223a22247b6170706c795573657249647d227d7d2c22666f726d6b6579646566696e6974696f6e223a22222c2264756564617465646566696e6974696f6e223a22222c227072696f72697479646566696e6974696f6e223a22222c22666f726d70726f70657274696573223a22222c227461736b6c697374656e657273223a7b227461736b4c697374656e657273223a5b7b226576656e74223a22636f6d706c657465222c2264656c656761746545787072657373696f6e223a22247b7265706f72744261636b456e6450726f636573736f727d227d5d7d7d2c227374656e63696c223a7b226964223a22557365725461736b227d2c226368696c64536861706573223a5b5d2c226f7574676f696e67223a5b7b227265736f757263654964223a22666c6f7738227d5d2c22626f756e6473223a7b226c6f7765725269676874223a7b2278223a3639352c2279223a3133357d2c2275707065724c656674223a7b2278223a3539302c2279223a38307d7d2c22646f636b657273223a5b5d7d2c7b227265736f757263654964223a22656e646576656e7431222c2270726f70657274696573223a7b226f766572726964656964223a22656e646576656e7431222c226e616d65223a22456e64222c22646f63756d656e746174696f6e223a22222c22657865637574696f6e6c697374656e657273223a22227d2c227374656e63696c223a7b226964223a22456e644e6f6e654576656e74227d2c226368696c64536861706573223a5b5d2c226f7574676f696e67223a5b5d2c22626f756e6473223a7b226c6f7765725269676874223a7b2278223a3635332c2279223a3331317d2c2275707065724c656674223a7b2278223a3632352c2279223a3238337d7d2c22646f636b657273223a5b5d7d2c7b227265736f757263654964223a226578636c75736976656761746577617937222c2270726f70657274696573223a7b226f766572726964656964223a226578636c75736976656761746577617937222c226e616d65223a224578636c75736976652047617465776179222c22646f63756d656e746174696f6e223a22222c226173796e6368726f6e6f7573646566696e6974696f6e223a2266616c7365222c226578636c7573697665646566696e6974696f6e223a2266616c7365222c2273657175656e6365666c6f776f72646572223a22227d2c227374656e63696c223a7b226964223a224578636c757369766547617465776179227d2c226368696c64536861706573223a5b5d2c226f7574676f696e67223a5b7b227265736f757263654964223a22666c6f773130227d2c7b227265736f757263654964223a22666c6f773132227d5d2c22626f756e6473223a7b226c6f7765725269676874223a7b2278223a3239302c2279223a3332307d2c2275707065724c656674223a7b2278223a3235302c2279223a3238307d7d2c22646f636b657273223a5b5d7d2c7b227265736f757263654964223a22666c6f7732222c2270726f70657274696573223a7b226f766572726964656964223a22666c6f7732222c226e616d65223a22222c22646f63756d656e746174696f6e223a22222c22636f6e646974696f6e73657175656e6365666c6f77223a22222c22657865637574696f6e6c697374656e657273223a22222c2264656661756c74666c6f77223a2266616c7365227d2c227374656e63696c223a7b226964223a2253657175656e6365466c6f77227d2c226368696c64536861706573223a5b5d2c226f7574676f696e67223a5b7b227265736f757263654964223a22646570744c65616465724175646974227d5d2c22626f756e6473223a7b226c6f7765725269676874223a7b2278223a38392e31373630303735313939343239332c2279223a3130362e33363534343639363835303934327d2c2275707065724c656674223a7b2278223a34302e3638373237333733303035373036352c2279223a3130352e33333337373137383134393035387d7d2c22646f636b657273223a5b7b2278223a31352c2279223a31357d2c7b2278223a35322e352c2279223a32372e357d5d2c22746172676574223a7b227265736f757263654964223a22646570744c65616465724175646974227d7d2c7b227265736f757263654964223a22666c6f7733222c2270726f70657274696573223a7b226f766572726964656964223a22666c6f7733222c226e616d65223a22222c22646f63756d656e746174696f6e223a22222c22636f6e646974696f6e73657175656e6365666c6f77223a22222c22657865637574696f6e6c697374656e657273223a22222c2264656661756c74666c6f77223a2266616c7365227d2c227374656e63696c223a7b226964223a2253657175656e6365466c6f77227d2c226368696c64536861706573223a5b5d2c226f7574676f696e67223a5b7b227265736f757263654964223a226578636c75736976656761746577617935227d5d2c22626f756e6473223a7b226c6f7765725269676874223a7b2278223a3235302e30373432323634333932363135372c2279223a3130372e32393239353334363135323635327d2c2275707065724c656674223a7b2278223a3139352e32393638363733313037333834332c2279223a3130372e30373831343032383834373334387d7d2c22646f636b657273223a5b7b2278223a35322e352c2279223a32372e357d2c7b2278223a32302c2279223a32307d5d2c22746172676574223a7b227265736f757263654964223a226578636c75736976656761746577617935227d7d2c7b227265736f757263654964223a22666c6f7734222c2270726f70657274696573223a7b226f766572726964656964223a22666c6f7734222c226e616d65223a22e4b88de5908ce6848f222c22646f63756d656e746174696f6e223a22222c22636f6e646974696f6e73657175656e6365666c6f77223a22247b21646570744c6561646572506173737d222c22657865637574696f6e6c697374656e657273223a22222c2264656661756c74666c6f77223a2266616c7365227d2c227374656e63696c223a7b226964223a2253657175656e6365466c6f77227d2c226368696c64536861706573223a5b5d2c226f7574676f696e67223a5b7b227265736f757263654964223a226d6f646966794170706c79227d5d2c22626f756e6473223a7b226c6f7765725269676874223a7b2278223a3237302e333734333831343039343434312c2279223a3138392e373338323931343837313433347d2c2275707065724c656674223a7b2278223a3237302e303930343632333430353535392c2279223a3132362e39393231373732363238353635377d7d2c22646f636b657273223a5b7b2278223a32302c2279223a32307d2c7b2278223a35322e352c2279223a32372e357d5d2c22746172676574223a7b227265736f757263654964223a226d6f646966794170706c79227d7d2c7b227265736f757263654964223a22666c6f7735222c2270726f70657274696573223a7b226f766572726964656964223a22666c6f7735222c226e616d65223a22e5908ce6848f222c22646f63756d656e746174696f6e223a22222c22636f6e646974696f6e73657175656e6365666c6f77223a22247b646570744c6561646572506173737d222c22657865637574696f6e6c697374656e657273223a22222c2264656661756c74666c6f77223a2266616c7365227d2c227374656e63696c223a7b226964223a2253657175656e6365466c6f77227d2c226368696c64536861706573223a5b5d2c226f7574676f696e67223a5b7b227265736f757263654964223a2268724175646974227d5d2c22626f756e6473223a7b226c6f7765725269676874223a7b2278223a3335372e393130313632353832313739382c2279223a3130372e33313238343735353336373332347d2c2275707065724c656674223a7b2278223a3238392e363630313439393137383230322c2279223a3130372e30363939363439343633323637367d7d2c22646f636b657273223a5b7b2278223a32302c2279223a32307d2c7b2278223a35322e352c2279223a32372e357d5d2c22746172676574223a7b227265736f757263654964223a2268724175646974227d7d2c7b227265736f757263654964223a22666c6f7736222c2270726f70657274696573223a7b226f766572726964656964223a22666c6f7736222c226e616d65223a22222c22646f63756d656e746174696f6e223a22222c22636f6e646974696f6e73657175656e6365666c6f77223a22222c22657865637574696f6e6c697374656e657273223a22222c2264656661756c74666c6f77223a2266616c7365227d2c227374656e63696c223a7b226964223a2253657175656e6365466c6f77227d2c226368696c64536861706573223a5b5d2c226f7574676f696e67223a5b7b227265736f757263654964223a226578636c75736976656761746577617936227d5d2c22626f756e6473223a7b226c6f7765725269676874223a7b2278223a3439342e34303632363134343634323738332c2279223a3130372e32343532313533363537373233387d2c2275707065724c656674223a7b2278223a3436332e37343939383835353335373231372c2279223a3130372e30393835333436333432323736327d7d2c22646f636b657273223a5b7b2278223a35322e352c2279223a32372e357d2c7b2278223a32302c2279223a32307d5d2c22746172676574223a7b227265736f757263654964223a226578636c75736976656761746577617936227d7d2c7b227265736f757263654964223a22666c6f7737222c2270726f70657274696573223a7b226f766572726964656964223a22666c6f7737222c226e616d65223a22e5908ce6848f222c22646f63756d656e746174696f6e223a22222c22636f6e646974696f6e73657175656e6365666c6f77223a22247b6872506173737d222c22657865637574696f6e6c697374656e657273223a22222c2264656661756c74666c6f77223a2266616c7365227d2c227374656e63696c223a7b226964223a2253657175656e6365466c6f77227d2c226368696c64536861706573223a5b5d2c226f7574676f696e67223a5b7b227265736f757263654964223a227265706f72744261636b227d5d2c22626f756e6473223a7b226c6f7765725269676874223a7b2278223a3538392e373033313332363839323631362c2279223a3130372e32393239353334363135323635327d2c2275707065724c656674223a7b2278223a3533342e393235373733353630373338342c2279223a3130372e30373831343032383834373334387d7d2c22646f636b657273223a5b7b2278223a32302c2279223a32307d2c7b2278223a35322e352c2279223a32372e357d5d2c22746172676574223a7b227265736f757263654964223a227265706f72744261636b227d7d2c7b227265736f757263654964223a22666c6f7738222c2270726f70657274696573223a7b226f766572726964656964223a22666c6f7738222c226e616d65223a22222c22646f63756d656e746174696f6e223a22222c22636f6e646974696f6e73657175656e6365666c6f77223a22222c22657865637574696f6e6c697374656e657273223a22222c2264656661756c74666c6f77223a2266616c7365227d2c227374656e63696c223a7b226964223a2253657175656e6365466c6f77227d2c226368696c64536861706573223a5b5d2c226f7574676f696e67223a5b7b227265736f757263654964223a22656e646576656e7431227d5d2c22626f756e6473223a7b226c6f7765725269676874223a7b2278223a3634312e393839333435393932343632392c2279223a3238322e36373539353137373034383839357d2c2275707065724c656674223a7b2278223a3633392e323634353630323537353337312c2279223a3133352e31343832363639373935313130387d7d2c22646f636b657273223a5b7b2278223a35322e352c2279223a32372e357d2c7b2278223a31342c2279223a31347d5d2c22746172676574223a7b227265736f757263654964223a22656e646576656e7431227d7d2c7b227265736f757263654964223a22666c6f7739222c2270726f70657274696573223a7b226f766572726964656964223a22666c6f7739222c226e616d65223a22e4b88de5908ce6848f222c22646f63756d656e746174696f6e223a22222c22636f6e646974696f6e73657175656e6365666c6f77223a22247b216872506173737d222c22657865637574696f6e6c697374656e657273223a22222c2264656661756c74666c6f77223a2266616c7365227d2c227374656e63696c223a7b226964223a2253657175656e6365466c6f77227d2c226368696c64536861706573223a5b5d2c226f7574676f696e67223a5b7b227265736f757263654964223a226d6f646966794170706c79227d5d2c22626f756e6473223a7b226c6f7765725269676874223a7b2278223a3531342e383139303334343636353433332c2279223a3231372e33393035323437343132333835387d2c2275707065724c656674223a7b2278223a3332332e383134343531303136383035332c2279223a3132362e39303632303836383032343730387d7d2c22646f636b657273223a5b7b2278223a32302c2279223a32307d2c7b2278223a3531342c2279223a3231377d2c7b2278223a35322e352c2279223a32372e357d5d2c22746172676574223a7b227265736f757263654964223a226d6f646966794170706c79227d7d2c7b227265736f757263654964223a22666c6f773130222c2270726f70657274696573223a7b226f766572726964656964223a22666c6f773130222c226e616d65223a22e9878de696b0e794b3e8afb7222c22646f63756d656e746174696f6e223a22222c22636f6e646974696f6e73657175656e6365666c6f77223a22247b72654170706c797d222c22657865637574696f6e6c697374656e657273223a22222c2264656661756c74666c6f77223a2266616c7365227d2c227374656e63696c223a7b226964223a2253657175656e6365466c6f77227d2c226368696c64536861706573223a5b5d2c226f7574676f696e67223a5b7b227265736f757263654964223a22646570744c65616465724175646974227d5d2c22626f756e6473223a7b226c6f7765725269676874223a7b2278223a3235302e303030303330353136313831322c2279223a3239392e38343337353032333834303736377d2c2275707065724c656674223a7b2278223a3134322c2279223a3133352e34323936383430393134343535357d7d2c22646f636b657273223a5b7b2278223a32302c2279223a32307d2c7b2278223a3134322c2279223a3239397d2c7b2278223a35322e352c2279223a32372e357d5d2c22746172676574223a7b227265736f757263654964223a22646570744c65616465724175646974227d7d2c7b227265736f757263654964223a22666c6f773131222c2270726f70657274696573223a7b226f766572726964656964223a22666c6f773131222c226e616d65223a22222c22646f63756d656e746174696f6e223a22222c22636f6e646974696f6e73657175656e6365666c6f77223a22222c22657865637574696f6e6c697374656e657273223a22222c2264656661756c74666c6f77223a2266616c7365227d2c227374656e63696c223a7b226964223a2253657175656e6365466c6f77227d2c226368696c64536861706573223a5b5d2c226f7574676f696e67223a5b7b227265736f757263654964223a226578636c75736976656761746577617937227d5d2c22626f756e6473223a7b226c6f7765725269676874223a7b2278223a3237302e333239383737303035323432322c2279223a3237392e3636343038303836343936377d2c2275707065724c656674223a7b2278223a3237302e313233323437393934373537382c2279223a3234352e3537303239343133353033337d7d2c22646f636b657273223a5b7b2278223a35322e352c2279223a32372e357d2c7b2278223a32302c2279223a32307d5d2c22746172676574223a7b227265736f757263654964223a226578636c75736976656761746577617937227d7d2c7b227265736f757263654964223a22666c6f773132222c2270726f70657274696573223a7b226f766572726964656964223a22666c6f773132222c226e616d65223a22e7bb93e69d9fe6b581e7a88b222c22646f63756d656e746174696f6e223a22222c22636f6e646974696f6e73657175656e6365666c6f77223a22247b2172654170706c797d222c22657865637574696f6e6c697374656e657273223a22222c2264656661756c74666c6f77223a2266616c7365227d2c227374656e63696c223a7b226964223a2253657175656e6365466c6f77227d2c226368696c64536861706573223a5b5d2c226f7574676f696e67223a5b7b227265736f757263654964223a22656e646576656e7431227d5d2c22626f756e6473223a7b226c6f7765725269676874223a7b2278223a3632342e333036363733363732343732372c2279223a3239392e383339353236343337333737387d2c2275707065724c656674223a7b2278223a3238392e373338323438323032353237332c2279223a3239372e313139343537393337363232327d7d2c22646f636b657273223a5b7b2278223a32302c2279223a32307d2c7b2278223a31342c2279223a31347d5d2c22746172676574223a7b227265736f757263654964223a22656e646576656e7431227d7d5d2c22626f756e6473223a7b226c6f7765725269676874223a7b2278223a313230302c2279223a313035307d2c2275707065724c656674223a7b2278223a302c2279223a307d7d2c227374656e63696c736574223a7b2275726c223a227374656e63696c736574732f62706d6e322e302f62706d6e322e302e6a736f6e222c226e616d657370616365223a22687474703a2f2f62336d6e2e6f72672f7374656e63696c7365742f62706d6e322e3023227d2c227373657874656e73696f6e73223a5b5d7d, NULL),
('a13e0214-2cce-11e7-b216-701a0445a273', 2, 'source', NULL, 0x7b227265736f757263654964223a2261306533643432332d326363652d313165372d623231362d373031613034343561323733222c2270726f70657274696573223a7b2270726f636573735f6964223a2270726f63657373222c226e616d65223a22222c22646f63756d656e746174696f6e223a22222c2270726f636573735f617574686f72223a22222c2270726f636573735f76657273696f6e223a22222c2270726f636573735f6e616d657370616365223a22687474703a2f2f7777772e61637469766974692e6f72672f70726f63657373646566222c22657865637574696f6e6c697374656e657273223a22222c226576656e746c697374656e657273223a22222c227369676e616c646566696e6974696f6e73223a22222c226d657373616765646566696e6974696f6e73223a22227d2c227374656e63696c223a7b226964223a2242504d4e4469616772616d227d2c226368696c64536861706573223a5b7b227265736f757263654964223a227369642d42334243303844422d463133312d344632462d423244382d424644393937464242383735222c2270726f70657274696573223a7b226f766572726964656964223a22222c226e616d65223a22222c22646f63756d656e746174696f6e223a22222c22657865637574696f6e6c697374656e657273223a22222c22696e69746961746f72223a22222c22666f726d6b6579646566696e6974696f6e223a22222c22666f726d70726f70657274696573223a22227d2c227374656e63696c223a7b226964223a2253746172744e6f6e654576656e74227d2c226368696c64536861706573223a5b5d2c226f7574676f696e67223a5b7b227265736f757263654964223a227369642d32454334444546312d374134422d343946352d393334302d334331433236434642323330227d5d2c22626f756e6473223a7b226c6f7765725269676874223a7b2278223a3135362c2279223a3130357d2c2275707065724c656674223a7b2278223a3132362c2279223a37357d7d2c22646f636b657273223a5b5d7d2c7b227265736f757263654964223a227369642d37333545464534362d433135462d343833312d423935442d314639453736363345413831222c2270726f70657274696573223a7b226f766572726964656964223a22222c226e616d65223a22222c22646f63756d656e746174696f6e223a22222c226173796e6368726f6e6f7573646566696e6974696f6e223a2266616c7365222c226578636c7573697665646566696e6974696f6e223a2266616c7365222c22657865637574696f6e6c697374656e657273223a22222c226d756c7469696e7374616e63655f74797065223a224e6f6e65222c226d756c7469696e7374616e63655f63617264696e616c697479223a22222c226d756c7469696e7374616e63655f636f6c6c656374696f6e223a22222c226d756c7469696e7374616e63655f7661726961626c65223a22222c226d756c7469696e7374616e63655f636f6e646974696f6e223a22222c226973666f72636f6d70656e736174696f6e223a2266616c7365222c22757365727461736b61737369676e6d656e74223a22222c22666f726d6b6579646566696e6974696f6e223a22222c2264756564617465646566696e6974696f6e223a22222c227072696f72697479646566696e6974696f6e223a22222c22666f726d70726f70657274696573223a22222c227461736b6c697374656e657273223a22227d2c227374656e63696c223a7b226964223a22557365725461736b227d2c226368696c64536861706573223a5b5d2c226f7574676f696e67223a5b7b227265736f757263654964223a227369642d34393436443531432d303439462d343742442d394130432d333641314243363733464230227d5d2c22626f756e6473223a7b226c6f7765725269676874223a7b2278223a3432302c2279223a3130387d2c2275707065724c656674223a7b2278223a3332302c2279223a32387d7d2c22646f636b657273223a5b5d7d2c7b227265736f757263654964223a227369642d44364134383146322d464331422d344536452d394438412d364342394633313342384541222c2270726f70657274696573223a7b226f766572726964656964223a22222c226e616d65223a22222c22646f63756d656e746174696f6e223a22222c22657865637574696f6e6c697374656e657273223a22227d2c227374656e63696c223a7b226964223a22456e644e6f6e654576656e74227d2c226368696c64536861706573223a5b5d2c226f7574676f696e67223a5b5d2c22626f756e6473223a7b226c6f7765725269676874223a7b2278223a3731322c2279223a39327d2c2275707065724c656674223a7b2278223a3638342c2279223a36347d7d2c22646f636b657273223a5b5d7d2c7b227265736f757263654964223a227369642d32454334444546312d374134422d343946352d393334302d334331433236434642323330222c2270726f70657274696573223a7b226f766572726964656964223a22222c226e616d65223a22222c22646f63756d656e746174696f6e223a22222c22636f6e646974696f6e73657175656e6365666c6f77223a22222c22657865637574696f6e6c697374656e657273223a22222c2264656661756c74666c6f77223a2266616c7365227d2c227374656e63696c223a7b226964223a2253657175656e6365466c6f77227d2c226368696c64536861706573223a5b5d2c226f7574676f696e67223a5b7b227265736f757263654964223a227369642d37333545464534362d433135462d343833312d423935442d314639453736363345413831227d5d2c22626f756e6473223a7b226c6f7765725269676874223a7b2278223a3331392e38303533363432363032353739332c2279223a38382e35323933373034323031393934367d2c2275707065724c656674223a7b2278223a3135362e33303739313639383937343230372c2279223a37322e38323231393230373938303035347d7d2c22646f636b657273223a5b7b2278223a31352c2279223a31357d2c7b2278223a35302c2279223a34307d5d2c22746172676574223a7b227265736f757263654964223a227369642d37333545464534362d433135462d343833312d423935442d314639453736363345413831227d7d2c7b227265736f757263654964223a227369642d34393436443531432d303439462d343742442d394130432d333641314243363733464230222c2270726f70657274696573223a7b226f766572726964656964223a22222c226e616d65223a22222c22646f63756d656e746174696f6e223a22222c22636f6e646974696f6e73657175656e6365666c6f77223a22222c22657865637574696f6e6c697374656e657273223a22222c2264656661756c74666c6f77223a2266616c7365227d2c227374656e63696c223a7b226964223a2253657175656e6365466c6f77227d2c226368696c64536861706573223a5b5d2c226f7574676f696e67223a5b7b227265736f757263654964223a227369642d44364134383146322d464331422d344536452d394438412d364342394633313342384541227d5d2c22626f756e6473223a7b226c6f7765725269676874223a7b2278223a3638332e353437333339343239333830372c2279223a37372e35353933373031303435353432397d2c2275707065724c656674223a7b2278223a3432302e393638323835353730363139332c2279223a36392e35353339313131343534343537317d7d2c22646f636b657273223a5b7b2278223a35302c2279223a34307d2c7b2278223a31342c2279223a31347d5d2c22746172676574223a7b227265736f757263654964223a227369642d44364134383146322d464331422d344536452d394438412d364342394633313342384541227d7d5d2c22626f756e6473223a7b226c6f7765725269676874223a7b2278223a313230302c2279223a313035307d2c2275707065724c656674223a7b2278223a302c2279223a307d7d2c227374656e63696c736574223a7b2275726c223a227374656e63696c736574732f62706d6e322e302f62706d6e322e302e6a736f6e222c226e616d657370616365223a22687474703a2f2f62336d6e2e6f72672f7374656e63696c7365742f62706d6e322e3023227d2c227373657874656e73696f6e73223a5b5d7d, NULL),
('ade36741-3e61-11e6-83ec-408d5c90f72f', 5, 'source', NULL, 0x7b227265736f757263654964223a2261646432353034302d336536312d313165362d383365632d343038643563393066373266222c2270726f70657274696573223a7b2270726f636573735f6964223a2270726f63657373222c226e616d65223a226373222c22646f63756d656e746174696f6e223a22222c2270726f636573735f617574686f72223a22222c2270726f636573735f76657273696f6e223a22222c2270726f636573735f6e616d657370616365223a22687474703a2f2f7777772e61637469766974692e6f72672f70726f63657373646566222c22657865637574696f6e6c697374656e657273223a22222c226576656e746c697374656e657273223a22222c227369676e616c646566696e6974696f6e73223a22222c226d657373616765646566696e6974696f6e73223a22227d2c227374656e63696c223a7b226964223a2242504d4e4469616772616d227d2c226368696c64536861706573223a5b7b227265736f757263654964223a227369642d33444637313837322d323438432d343441442d413733332d323443413242453238414634222c2270726f70657274696573223a7b226f766572726964656964223a22222c226e616d65223a22222c22646f63756d656e746174696f6e223a22222c22657865637574696f6e6c697374656e657273223a22222c22696e69746961746f72223a22222c22666f726d6b6579646566696e6974696f6e223a22222c22666f726d70726f70657274696573223a22227d2c227374656e63696c223a7b226964223a2253746172744e6f6e654576656e74227d2c226368696c64536861706573223a5b5d2c226f7574676f696e67223a5b7b227265736f757263654964223a227369642d34363936354431322d313442302d343643462d414537352d454533373642383743443732227d5d2c22626f756e6473223a7b226c6f7765725269676874223a7b2278223a3138372e352c2279223a36387d2c2275707065724c656674223a7b2278223a3135372e352c2279223a33387d7d2c22646f636b657273223a5b5d7d2c7b227265736f757263654964223a227369642d45323641333146342d324237362d343039342d394244372d384332323942303043343531222c2270726f70657274696573223a7b226f766572726964656964223a22222c226e616d65223a2231313131222c22646f63756d656e746174696f6e223a22222c226173796e6368726f6e6f7573646566696e6974696f6e223a2266616c7365222c226578636c7573697665646566696e6974696f6e223a2266616c7365222c22657865637574696f6e6c697374656e657273223a22222c226d756c7469696e7374616e63655f74797065223a224e6f6e65222c226d756c7469696e7374616e63655f63617264696e616c697479223a22222c226d756c7469696e7374616e63655f636f6c6c656374696f6e223a22222c226d756c7469696e7374616e63655f7661726961626c65223a22222c226d756c7469696e7374616e63655f636f6e646974696f6e223a22222c226973666f72636f6d70656e736174696f6e223a2266616c7365222c22757365727461736b61737369676e6d656e74223a22222c22666f726d6b6579646566696e6974696f6e223a22222c2264756564617465646566696e6974696f6e223a22222c227072696f72697479646566696e6974696f6e223a22222c22666f726d70726f70657274696573223a22222c227461736b6c697374656e657273223a22227d2c227374656e63696c223a7b226964223a22557365725461736b227d2c226368696c64536861706573223a5b5d2c226f7574676f696e67223a5b7b227265736f757263654964223a227369642d46304239373330412d444430362d343133412d393835352d433043443033413535343235227d5d2c22626f756e6473223a7b226c6f7765725269676874223a7b2278223a3333322e352c2279223a39337d2c2275707065724c656674223a7b2278223a3233322e352c2279223a31337d7d2c22646f636b657273223a5b5d7d2c7b227265736f757263654964223a227369642d34363936354431322d313442302d343643462d414537352d454533373642383743443732222c2270726f70657274696573223a7b226f766572726964656964223a22222c226e616d65223a22222c22646f63756d656e746174696f6e223a22222c22636f6e646974696f6e73657175656e6365666c6f77223a22222c22657865637574696f6e6c697374656e657273223a22222c2264656661756c74666c6f77223a2266616c7365227d2c227374656e63696c223a7b226964223a2253657175656e6365466c6f77227d2c226368696c64536861706573223a5b5d2c226f7574676f696e67223a5b7b227265736f757263654964223a227369642d45323641333146342d324237362d343039342d394244372d384332323942303043343531227d5d2c22626f756e6473223a7b226c6f7765725269676874223a7b2278223a3233312e36353632352c2279223a35337d2c2275707065724c656674223a7b2278223a3138382e3130393337352c2279223a35337d7d2c22646f636b657273223a5b7b2278223a31352c2279223a31357d2c7b2278223a35302c2279223a34307d5d2c22746172676574223a7b227265736f757263654964223a227369642d45323641333146342d324237362d343039342d394244372d384332323942303043343531227d7d2c7b227265736f757263654964223a227369642d31414235363746362d464531392d344641462d413946412d303933313631303131333438222c2270726f70657274696573223a7b226f766572726964656964223a22222c226e616d65223a22313131313333333333222c22646f63756d656e746174696f6e223a22222c226173796e6368726f6e6f7573646566696e6974696f6e223a2266616c7365222c226578636c7573697665646566696e6974696f6e223a2266616c7365222c22657865637574696f6e6c697374656e657273223a22222c226d756c7469696e7374616e63655f74797065223a224e6f6e65222c226d756c7469696e7374616e63655f63617264696e616c697479223a22222c226d756c7469696e7374616e63655f636f6c6c656374696f6e223a22222c226d756c7469696e7374616e63655f7661726961626c65223a22222c226d756c7469696e7374616e63655f636f6e646974696f6e223a22222c226973666f72636f6d70656e736174696f6e223a2266616c7365222c22757365727461736b61737369676e6d656e74223a22222c22666f726d6b6579646566696e6974696f6e223a22222c2264756564617465646566696e6974696f6e223a22222c227072696f72697479646566696e6974696f6e223a22222c22666f726d70726f70657274696573223a22222c227461736b6c697374656e657273223a22227d2c227374656e63696c223a7b226964223a22557365725461736b227d2c226368696c64536861706573223a5b5d2c226f7574676f696e67223a5b7b227265736f757263654964223a227369642d35393738353043412d413139342d343738342d413331362d383830363837453542464432227d5d2c22626f756e6473223a7b226c6f7765725269676874223a7b2278223a3437372e352c2279223a39337d2c2275707065724c656674223a7b2278223a3337372e352c2279223a31337d7d2c22646f636b657273223a5b5d7d2c7b227265736f757263654964223a227369642d46304239373330412d444430362d343133412d393835352d433043443033413535343235222c2270726f70657274696573223a7b226f766572726964656964223a22222c226e616d65223a22222c22646f63756d656e746174696f6e223a22222c22636f6e646974696f6e73657175656e6365666c6f77223a22222c22657865637574696f6e6c697374656e657273223a22222c2264656661756c74666c6f77223a2266616c7365227d2c227374656e63696c223a7b226964223a2253657175656e6365466c6f77227d2c226368696c64536861706573223a5b5d2c226f7574676f696e67223a5b7b227265736f757263654964223a227369642d31414235363746362d464531392d344641462d413946412d303933313631303131333438227d5d2c22626f756e6473223a7b226c6f7765725269676874223a7b2278223a3337362e36353632352c2279223a35337d2c2275707065724c656674223a7b2278223a3333332e33343337352c2279223a35337d7d2c22646f636b657273223a5b7b2278223a35302c2279223a34307d2c7b2278223a35302c2279223a34307d5d2c22746172676574223a7b227265736f757263654964223a227369642d31414235363746362d464531392d344641462d413946412d303933313631303131333438227d7d2c7b227265736f757263654964223a227369642d41343234383733382d344346352d344642442d413841432d443435464342373331453438222c2270726f70657274696573223a7b226f766572726964656964223a22222c226e616d65223a22333333333333222c22646f63756d656e746174696f6e223a22222c226173796e6368726f6e6f7573646566696e6974696f6e223a2266616c7365222c226578636c7573697665646566696e6974696f6e223a2266616c7365222c22657865637574696f6e6c697374656e657273223a22222c226d756c7469696e7374616e63655f74797065223a224e6f6e65222c226d756c7469696e7374616e63655f63617264696e616c697479223a22222c226d756c7469696e7374616e63655f636f6c6c656374696f6e223a22222c226d756c7469696e7374616e63655f7661726961626c65223a22222c226d756c7469696e7374616e63655f636f6e646974696f6e223a22222c226973666f72636f6d70656e736174696f6e223a2266616c7365222c22757365727461736b61737369676e6d656e74223a22222c22666f726d6b6579646566696e6974696f6e223a22222c2264756564617465646566696e6974696f6e223a22222c227072696f72697479646566696e6974696f6e223a22222c22666f726d70726f70657274696573223a22222c227461736b6c697374656e657273223a22227d2c227374656e63696c223a7b226964223a22557365725461736b227d2c226368696c64536861706573223a5b5d2c226f7574676f696e67223a5b7b227265736f757263654964223a227369642d37354330363934432d454533302d343546442d414233462d393046363043394334434438227d5d2c22626f756e6473223a7b226c6f7765725269676874223a7b2278223a3632322e352c2279223a39337d2c2275707065724c656674223a7b2278223a3532322e352c2279223a31337d7d2c22646f636b657273223a5b5d7d2c7b227265736f757263654964223a227369642d35393738353043412d413139342d343738342d413331362d383830363837453542464432222c2270726f70657274696573223a7b226f766572726964656964223a22222c226e616d65223a22222c22646f63756d656e746174696f6e223a22222c22636f6e646974696f6e73657175656e6365666c6f77223a22222c22657865637574696f6e6c697374656e657273223a22222c2264656661756c74666c6f77223a2266616c7365227d2c227374656e63696c223a7b226964223a2253657175656e6365466c6f77227d2c226368696c64536861706573223a5b5d2c226f7574676f696e67223a5b7b227265736f757263654964223a227369642d41343234383733382d344346352d344642442d413841432d443435464342373331453438227d5d2c22626f756e6473223a7b226c6f7765725269676874223a7b2278223a3532312e36353632352c2279223a35337d2c2275707065724c656674223a7b2278223a3437382e33343337352c2279223a35337d7d2c22646f636b657273223a5b7b2278223a35302c2279223a34307d2c7b2278223a35302c2279223a34307d5d2c22746172676574223a7b227265736f757263654964223a227369642d41343234383733382d344346352d344642442d413841432d443435464342373331453438227d7d2c7b227265736f757263654964223a227369642d30354146343434412d313235392d343736342d394539302d443036423144313142364636222c2270726f70657274696573223a7b226f766572726964656964223a22222c226e616d65223a22222c22646f63756d656e746174696f6e223a22222c22657865637574696f6e6c697374656e657273223a22227d2c227374656e63696c223a7b226964223a22456e644e6f6e654576656e74227d2c226368696c64536861706573223a5b5d2c226f7574676f696e67223a5b5d2c22626f756e6473223a7b226c6f7765725269676874223a7b2278223a3639352e352c2279223a36377d2c2275707065724c656674223a7b2278223a3636372e352c2279223a33397d7d2c22646f636b657273223a5b5d7d2c7b227265736f757263654964223a227369642d37354330363934432d454533302d343546442d414233462d393046363043394334434438222c2270726f70657274696573223a7b226f766572726964656964223a22222c226e616d65223a22222c22646f63756d656e746174696f6e223a22222c22636f6e646974696f6e73657175656e6365666c6f77223a22222c22657865637574696f6e6c697374656e657273223a22222c2264656661756c74666c6f77223a2266616c7365227d2c227374656e63696c223a7b226964223a2253657175656e6365466c6f77227d2c226368696c64536861706573223a5b5d2c226f7574676f696e67223a5b7b227265736f757263654964223a227369642d30354146343434412d313235392d343736342d394539302d443036423144313142364636227d5d2c22626f756e6473223a7b226c6f7765725269676874223a7b2278223a3636362e3837352c2279223a35337d2c2275707065724c656674223a7b2278223a3632322e3839303632352c2279223a35337d7d2c22646f636b657273223a5b7b2278223a35302c2279223a34307d2c7b2278223a31342c2279223a31347d5d2c22746172676574223a7b227265736f757263654964223a227369642d30354146343434412d313235392d343736342d394539302d443036423144313142364636227d7d5d2c22626f756e6473223a7b226c6f7765725269676874223a7b2278223a313230302c2279223a313035307d2c2275707065724c656674223a7b2278223a302c2279223a307d7d2c227374656e63696c736574223a7b2275726c223a227374656e63696c736574732f62706d6e322e302f62706d6e322e302e6a736f6e222c226e616d657370616365223a22687474703a2f2f62336d6e2e6f72672f7374656e63696c7365742f62706d6e322e3023227d2c227373657874656e73696f6e73223a5b5d7d, NULL),
('b272da72-3e61-11e6-83ec-408d5c90f72f', 3, 'source-extra', NULL, 0x89504e470d0a1a0a0000000d49484452000002ea0000008f0806000000acc1fe66000000206348524d00007a26000080840000fa00000080e8000075300000ea6000003a98000017709cba513c0000000467414d410000b18e7cfb5193000000017352474200aece1ce900000006624b474400ff00ff00ffa0bda793000000097048597300000ec400000ec401952b0e1b000013814944415478daeddd0b7093e59ec7f1e74d6f69b934dc24300ad8030aac4087e526abc278b8c97238ec08d25261165d6518c4f14895831cb572dce18cca887294db320711061418d98240eb59a628ae0a42a9204b157aa18516dad2360d256d9237fb3c3984a9584ada3497a6dfcfcc3b49fae44ddbe7fde57dfe79f35e840000000000000000000000000000000000000000000000000000000000000000000000000000000000000000000000000000000000000000204034ba00687b4e9f3e3db3bebe7e615d5ddd3fd7d6d6c6ebba4ea7f8ba32d434111b1b5b23a753515151eb860c19f2311902192243640814ea00bc72e2c489076d36db0ea7d3798fd96cd6e2e3e345a74e9d84c160a0737ca48a0cabd52a2c168bb87cf9b2fa51b11c28e78e1c39328b0c810c912132040a7500b7959d9dfd1fd5d5d5ebfbf4e963e8ddbbb77bcb0bfce7d2a54ba2b0b05037994ca9898989ef922190213244861068117401d0360647abd5ba6ef0e0c1113d7af460700c00b585b06bd7ae5a7171f1c4e79e7bae62c3860dc7c810c810192243a0500770534646c64087c3b14f0e8e919d3b77fe55bbcba58bab855f89921f778b2b3f7d2eaa2e7e2f5cba5dc4c6df2d0752be8af6457474b430994c5a5151d1c479f3e6a57ff4d14797c910c8101922430814de3d40888b8b8bdbd9a74f9fa8c60647e5f2d97451762e53d8af5f753f76d45944d9f9bf8bd2ffdb43e7b5820e1d3a88be7dfb46499f9021902132448640a10ec02d333333d1e572dda7f6056d8c1a14ab2f9d68b4adbae4a4b0d594d089ad40f5bfc160b8f78b2fbe1843864086c8101902853a00111313f374af5ebda26fb72fe8f5ea62f757ceb75367e51bd2d662369ba3e5f2788a0c810c912132040a7500ea60adc9ead467b7e3d21d4dbf808bf31ab716f595bfcbe59a48864086c8101902853a00515f5f7faf3aea1fc1d7b16347b53cfa90219021902150a803505b4e22b9884888ac2cffb11c0c64086408640814ea00ee282ab64b93ed91316c05031902190228d401045caca9afe8d8fdfe46dbe2bafec6dd0e9021902180421d4080a90b89f41cf8bb46db7a0dfe37618888a69340864086000a7500c1e0acbfd6e8cf1d7535740ec810c81040a10e2018ae161e1145d99b1b6d2b3af1375151f0259d0432043204b451917401d0f6d86d55e2f2d9bdc25a9e7bdbe7e8ce7af725bdaf55fc2ccc03a78be80e3de8389021902180421d80bf54161f15e5e7bf104efb75af9e5f5b992f0a8eae15dd131e155dfa8c75ef4f0a3244864086000a7500ad487dc57ce5e783cd9e4f6dd552f3a9cb7c77ebf7081d4986c810c810d006f091166843d440e78b3b5eea1b64880c810c0121832dea401ba2be3656134086408680f0c7167500000080421d00000000853a00000040a10e000000a0b570302942566666e66ff3f2f29e2b2b2b1b73e5ca956e168b25b2aeae4e8b8a8a129d3b7776f4ecd9b3b26bd7aec7060f1efcfea38f3e9a418f0100d036a5a4a4dced703866689a364e3e4c9493594e1de5649353a9cbe53a29dbbe8e8888d8b16ddbb6620a75204856ad5a955a5555b57cfffefda6418306898913278a7beeb947c8a25c188d4661b3d9444d4d4d645151518fd3a74f4f4d4f4f9fba7cf9f21a59bcaf5eba74e96bf42000006d437272f20c79b3c8e9743e2c0bf198469e6294533fd9d64fdece90cf7b3b2929294b3edeb47dfbf6ad14ea4080bcfdf6db43af5ebd7aa0a4a4a4977ce36ac3860d13f293f3afdfb1b25857538f1e3dc4f0e1c3c5bc79f3444e4e4ea74f3ffdf4d5d4d4d48566b379aabc3d468f0200109a64b1ad0aefb52e976b4a0b661f2fe71b2f5f63812cdce7efdcb9f31c853ae0df22fdf573e7cebd366dda34c3638f3dd66881de1455d4ab292323a3fb679f7df6ed3befbcf31759ac2fa7670100082db367cf4e92376be4d4ddf33335ee3ff0c00362f4e8d1a27ffffec26432894e9d3a89dada5a515555250a0a0ac4d1a347c589132784dd6ef7ccf6909c2f3b39397961b86e5da75047d0ad5bb7ee4fa74f9f7e7dc99225da8001037c7aadc993278b8103071a64a1be6cd5aa559de46b3e4f0f0300103245fa344dd33ef6d4a0aa40571be8264d9ae4fea6fc56717171eea977efde62ecd8b1eea2fdf3cf3f17070e1c104ea7533da5a3cbe5fa5816eb4659acff57b8f517677d4150bdfaeaab2fca22fd8dd75e7bcde722dda36fdfbe42bd5e7e7efea2b4b4b43fd2cb00008444919e248bf4cf3c45ba2abe57ae5ca90e246db4486f8cdad2ae9eafe653c7af79c8627da32cd69fa450075ac9b3cf3efb9bd2d2d2bf3cfffcf3066fdfa0de52af979a9a6ab878f1e28a175f7c7118bd0d0040f0a87dd26591bec653a4df7ffffd222d2ded17c57673a8f9d4fc43860c6958acaf95c5fa400a75a015c4c5c51d983e7d7a546b6d49bf95dab2fef8e38f47d9edf6ffa6b70100081e59a46f1437f649575bd2972c59e2de07ddc73a42bcf0c20b0d8b7db51bcc460a75c0478b172f4e8988884850fb94fb937a7da3d178b7fc7d0be9750000024f9d825116d013d47db54fba2aae7d2dd21b16eb728c6f78128a87c26917180a7504455454d41b73e6cc8950172ff2b7b973e746180c8665c1f83f939292fea45650e3c78fe7c06d90219021b4d70c2df2dc51078eb6747797db51af376ddab49b8fe5878205e1d2f7bc691170eaea63d7af5fbf479d4e3110d4fe6bbaae9bd5fe713b76ec2808f0bffb67b9c2103d7bf6ac95bf7f9fa6697f73381c4776eedc69250920432043686319ba3e7bf6ec4c83c1b0cedb0ca931dfe9748e57f73d6778f1872953a688fdfbf77b4eddf85090c67c0a75b47d2693695e6262626473cf95ee8bd1a347477dfdf5d7f3e5ddd783f13fcb81314ede3c2157744fc8ffdb9a9c9cbc4f3efe282626266bf3e6cdb6b6b81c0f1e3c28ce9f3f2f162d5ad4ec765fe66daf422543fe5cae8db56fdbb64d6cddba55fcf0c30fc26c36abe34ec42bafbce255bb2ff37ad34e86fc2754977bb865a205198a9537bf9719fabdccd035590c1f5057086d2a43b2a09f219fe3ae37d5063a7595713fd516ee8b207ef7dd779e1fcd94d33b14ea4073431719f9bb2143860474b7ab418306a937efbf06ab50bf853ad8455dec21c966b3d5c915dd6eb912db595252b22f2b2bcb11eacb4f5d6ce2830f3e107bf7ee750f52cd69f7655e043743fe5cae4db55fbc78d15db83ff2c823e2cc9933ea2b78d1ab572f317ffefc3bb6fb32af37ed64c87f4275b98779269aab832a86658e66ca0cd5cbbe489719da766b86e4cfc679ee8f1a35caaf7f907afd0685fa380a75a0056a6a6a12d419590249edbf66b1581242b03b62e43447aee8e6f4ecd9b3263939f97fe4e3f5a1bca55d1dad3f6bd62c515151d1ec765fe6457033e4cfe5da54fbcb2fbf7cf3fe983163dc173c51c59237edbecceb4d3b19f29f505deeed2813cd15ed29dacd66f33599a1c3f2f11a952159c4277a9e9490e0df61b85fbf7e0d1f268643c752a823e0eaebeb4dea2baa40524797dbedf6cef2137f5aa8f68ba6699de44a6e86bc3b43aed8d4969abcb2b2b290fb3bd5d7bd6a5f40755538b92c9bd5eecbbca1c06ab58af69a217f2e576f96fba14387c44f3ffd24f2f3f3c57befbdd7ac765fe6f5a69d0cf94fa82ef7d6cc4473949797bbbf810ae50c491d6486a6cadba92a4392cbd3e0efb1ff96d7ef4ea10eb480c3e188361a8d01fd9deaf7e9baae768a7fbd0d7555c2d1a347d9052484a881990c05c7fbefbf2f4a4a4adca75c8d8f8f6f56bb2ff37ad34e86dadf726fcd4c34c7575f7d25b2b3b3db5a8634cf9dd63a25e3eda85335361cfa29d48196842e32b24e7eca8e0964b1ae3ed56b9ae6909ff2ff33c0ffae372b535dfe5dbae7609b9b6b364dcb1b3162440289091df7dd779f1a24df204381b767cf1ef7ed134f3c21de7cf34db162c50aafdb7d99d79b7632d4fe967b6b66a2391e7ef86151585818aa1972e748dc72ea6f9921952df7cf6a6a6afc5aacd7d6d6fe62e8a750075a202a2aaab2aaaacaacbeee0e14b57290bfb77acb962d6981fc5f9392926ebb72932b2ec78d41d1206f0df27195bcfdbb3a18272626e6a0da37f4a9a79e729198d0d1b16347b163c70e321444e3c68d13870f1f6e51bb2ff37ad34e86dadf726f8d4c3447f7eedddd673659ba74692865c829f3e2398ddbaf3264b3d94ec99ff7578d72ecf76ba1ae5ebf81f27058e771c123049caeebdf1714143803f93b8b8a8ad4a7fa13c1fed7e50aacaec156063538aa73d0ee92d3acd8d8d87be5003e6bfbf6ed7bdaea291b41865adbeeddbbd53ac37ddf62b108f97f89c4c444afda7d99d79b7632d4fe967b9866a225ea1b6428e20e193ae9796e5e5e9e5fff28595b347c78321c3a9a2dea0838f9e93ae3f8f1e363c78c19d33550bf332727a7aaaeae2e33d81f8ce50a2da6c10aed73a3d1b8afad1554e9e9e962e1c285ee6f293c8fd7ae5d2ba64f9f7ec7765fe6457033e4cfe5da54fb5b6fbd259e7efa69f701a7c5c5c5eeb3c3a4a6a6defcbb9a6af7655e6fdac990ff84ea720fd34cb444b4b719921f0c0fcbcca9739a0b75bc83fa16c25fd4eb3770381c3a9a421d810f5d64e49eececec3f3b9d4e11a88b1e7df3cd37fa8d154a50a8af02e54d96c160f05c5ca4aaad2e3f553c35553837d5eecbbced5db033e4cfe5da54bb3a27b23a138cbac0ccd0a143457474b4d7edbecceb4d3b19f29f505deee196894064488df972bc7f57ddcdc9c91157af5ef5cb458fd46e2fea8c380dec0a873ea75047c06ddbb6adf8c9279f3c29df50c3478e1cd9d9dfbf4fae18acd7af5fff394897127e55d3b402a3d1b88bdd5940865a46154323468c6851bb2ff37ad34e86dadf720f934c042c436acc4f4e4ece9245fe04b5814e9d86352525a5d5ff40756563bbddee79782448633e853ac2837cb3beb769d3a6b5c3870fefecefadea1b366ca896bfefafc1f83fe58ae24d9636c810c810da79863e90d304754715eaeacaaeea4284ad451d87b66fdfbe9b8fe5878af5e1d2f71c4c8aa0500799582c96dc5dbb7615faf3f7ecd9b3a7b8b2b2b2b0a4a46407bd0e004070c67c7993a5eeabadeaab57afbe794c8aafd42919d7ac59e37edd1b8e84d3984fa18ea071b95cffbe77efde0eb9b9b9567fbc7e414141adfc20a04ed6fe74565696831e07002068e68b1ba74cbc74e99258b56a95cfc5ba2ad255d1afb6a8df60d534ed99701af329d411346aff3187c3b178e5ca95d7ae5cb952d79aafad5e2f2d2dcdaaebfa1fe427f9b3f4360000c11df35d2ed76279d75d44e7e6e60a394e372cb29b45cda7e63f75ead4cd9fc9227d61b88df914ea08aa4f3ef964475d5ddd1f5f7ae9a5cab367cf56b4c66be6e7e757a8d7b3d96cefca37ec567a190080d018f3e5cd339e625d6d595fb66c993ae0f4d68b15dd967a9e2cfaddf3352cf2e5878065e138e673302942e153f6e6d9b367db56ac58f1d72953a69c4c4949496ce901a67225f0437a7aba59d7f565f2fe667a170080d01bf3e5ddb59aa699d4bee5ea40507590e9b061c3c4a851a34442428230994ceeab98aadd5b5471ae2e6674fcf871f729186db65f9c7846ed3ebb385cc77c0a7584cca7eca4a4a46f0f1e3cb8f1d0a143e7172c58607bf0c107ffc9dbf98f1d3bf6d3faf5ebedd7ae5db3c837fe6cb92260771700004278cc97e3f54675da46f53355b0ab22fc9673a1dfc911b54f7a38efe24aa18e50fa945d206f26ca37efcc356bd62cf8f0c30fbbf4efdfbf70dcb871c6010306dcd5ad5b3793d168ec203f495f939fae2bf3f3f3af7ef9e597963367cef4adafafbf22e7dd545a5aba9503470100683b63be2cb617c8827d7c33ead223ed65cca7504728be79d5d5c476a5a4a4dc9d9b9b3bf3ecd9b3ff221f779193677f18cfed05f18f4b04ef0a970b1b0000d05ec77c5dd767ca825d8df9ea8a526639a933b7a9fd5cd4d9624eb6c7319f421d214b5dcd4cdeacbe31010000c6fc7685b3be0000000014ea0000000028d4010000000a750000000014ea00000000853a000000000a7500000080421d00000000853a000000000a7500000080421d00000000853a00000040a10e00000080421d000000a050071092344db3ebba4e4784801bcb41274320432043a05007200c06434e4d4d0d1d1102ac56ab5a1e3f92219021902150a803104ea7f3604545c5657a22f82a2b2bcb755dcf204320432043a05007205c2ed7eed2d2d248794b6704d9a54b97ecf26637190219021902853a003169d2a4930e87e3d8850b178ae88de091fd7fc16eb79f993871e2b764086408640814ea00dc745dff835c3fc756575757d11b8167b55a6b0b0b0be3e47278810c810c91213284408aa00b80d0b675ebd6f279f3e6659795953d161f1fef301a8d71f44ac006c7ca9c9c1c8bcbe57a66d2a44947c810c810192243a05007f00b5bb66cc99b3b77eea9d2d2d25976bbfdfb2e5dbaf4d5348d8ef1a3bcbcbcffcdcdcd35c9bbcf4e9830611f1902192243640881c63b0c6843323232061a0c8677e534b45bb76e3fde75d75d3de460a97e66a4777ca3ebbacd62b19cb97cf972457979f9bd4ea7b3407ddd3f79f2e4d3640864880c912150a803f04a666666a2a6698fcbbbe3e534424e0c90be73c8e9a49cb2e4b43bdc0fd8224364880c912100000000000000000000000000000000000000000000000000000000000000000000000000000000000000000000000000000000000000000000000000000000000000000000000000000000000000000000000000000000000000000000000000000000000000000000000000000000000000000000000000000000000000000000000000000000000000000000000000000000000000000000000000000000000000000000000000000000000000000000000000000000000000000000000000000000000000000000000000000000000000008090f2ffc0f6c2dbd5747b8d0000000049454e44ae426082, NULL);
INSERT INTO `act_ge_bytearray` (`ID_`, `REV_`, `NAME_`, `DEPLOYMENT_ID_`, `BYTES_`, `GENERATED_`) VALUES
('be192f03-3e61-11e6-83ec-408d5c90f72f', 2, 'source-extra', NULL, 0x89504e470d0a1a0a0000000d49484452000002e9000001720806000000488d4416000000206348524d00007a26000080840000fa00000080e8000075300000ea6000003a98000017709cba513c0000000467414d410000b18e7cfb5193000000017352474200aece1ce900000006624b474400ff00ff00ffa0bda793000000097048597300000ec400000ec401952b0e1b000020004944415478daeddd09781445dac0f19a249070df18915371414541c56377598d2e8ab7284782a0e0b5ae9f0720e2ad808a17a7a2ebad01c50401014545408d828adc082a22424020410284700548325fbd3dd5a133cce49c496692ffef798ac9ccf41cd47455bd555d5dad140000000000000000000000000000000000000000000000000000000000000000000000000000000000000000000000000000000000000000000000000000000000000000000000000000000000000000000000000000000000000000000000000000000000000000000000000000000000000000000000000000000000000000000000000000000000000000000000000000000000000000000000000000000000000000000000000000000000000000000000000000000000000000000000000000000000000000000000000000000000000000000000000000000000000000000000000000000000000000000000000000000000000000000000000000000000000000000000000000000000000000000000000000000000000000000000000000000000000000000000000000000000000000000000000000000000000000000000000000000000000000000000000000000000000000000004878b2ca8386eb73b66e3c68d77efdbb7afdf810307daeddfbf3f262f2f8f8c09c68eee72b9a3a3a37756af5e7df19123474677e9d2e56b7205d417a0be00e593f249908e027461fe6f4646c698ececec9ab1b1b1aa5ebd7aaa4e9d3a2a222282cc0902a92c75e5a9b2b2b2547a7afae1dcdcdc5f0f1e3cd8af5bb76e6bc81d505f80fa02944fca27413ad4e6cd9b676ed8b0e1da962d5baa66cd9a49af904c2967dbb66d53a9a9a907dd6e779f8b2fbe78163902ea0b505f80f249f90c2591fcbce55fa075baf694534e514d9a34a140571019e568d8b061b5bffefaebca7efdfaad9e3469d23a7205d417a0be00e593f249905e05c92131dddb1b2205ba6eddbac73c7f68df7695fecb0c95feeb2c95b1f16b7560f746155daba98a8aae4be60541f5ead5a56047a7a7a75fd1b76fdf4fdf7ffffdbfc815505f80fa02944fca672860c2543991934a64ce9a1c12f357a0ff5cfe8eda97f19bcacb3dacdc7939eac0ae3fd4e6656fabecacad646090d4aa554bb56edd3a2f3232f2257203d417a0be00e593f249905ef57add77cb49253267cd975d9b16a89cc3fb8f795c0a78c6c6143230889a376fde302a2aeae479f3e69d4f6e14cf800103ea930bd417d4179469ca27e593f249901ef664592639ebdbdf9cb58385f4aea5578ee06adab469babee9414e14edf1c71fefa71ba8dd23468ce84f6e505f505f50a6299f944fca27417a589375536559267fdcb947fcbfd8cd5aabc1d6b871e313f44d1c3951b8279e78a2cf962d5b265e7ef9e57236fd3b8f3cf2c8007285fa82fa82324df9a47c523e09d2c3965cd840ce404668d2bfcdf1faa61339e1dfd0a1437b6cdebcf9bdbbefbe3be2a69b6e5203070e8cd8be7dfb5b83070fbea13cea5d9d8a3a1cdfba90e7e2cc7b505f80fa82324df9a47c8685a840be999c4cb17af5eafe2b56acb8212d2dadd3b66ddb6a66656545656767aba8a828b7ceb8230d1b36dc5ab76eddeff5e64f3df8e083bf55959d4616dfe7c20621dc5bf5fc3651e4846f32daf6e79f7fbe7fcf3df7449c75d659d6631d3b7694463d72ecd8b19374a3aec68d1bf74110bf42079d06eae45c03778b4e398efb8fea7489e37e27471010ab535f9d26ebf46f9dbed3690ef505aa6a7d4199a67c523eab48902ec1f9471f7df4c6d34f3fdd67e7ce9d51b224515c5c9c6ad1a2852c89a3626262940ed45d7bf7eeadae2b85366bd6ac69b37cf9f21b7425b059f7489f7ee38d37deaaea3b55b51a0dd491ec4cdf3f52343d76541c99a72a87c165b4cd6ecc6da79f7eba1a346850e4f8f1e327dd75d75d075f79e5951941fc2aab744af4f178679d96eae43d9f76bd4ed93a0dd3e9459d92754ad2e966f378945740407d01ca747894e9a7747ac54799a67ca252297390be68d1a25b468e1cf9bf3d7bf644272424583df1c8c863975f97405d922cf82f95c24d37dde45ab56a55abe4e4e4d7eeb8e38e21bb76edba7aead4a9ebabea0fd1b0e53fd4e1fd7f1d73467864b51aaa61ab2eeca9a8d0c65c0e834bd9f6451ebfefbefb22c78c19334597eb5e93264d0ae615dfae529e43dce98e405b46d4bc2f077d99a3d1964215a7536d9d3ed549cefa6fadd3953add184a8d3bf50528d3c52ad37b4c3976966979cd793a3d5cd1659af2894029f5f11ab7db1d356bd6acaf121313dfd6053afad9679fb5826f5f01ba3f5211e8d7455e77dd75edebd4a9f3d37ffef39fdbaaea0f51bbc929aa56e3763e1fafd3f434f654544463deb7a8c6dc26a36f43860ca9a6fffcb07ffffe5706f16bcdd62955a7b5e6561af4853e1a6539ec9d611af145e66fd95e0ea7b7d569be4ebdc23140a7be40252cd35b0250a6e5358343a14c533e51a141ba04e8df7cf3cdf7f3e7cfbf48f7b6d555575d55a2e0dc5bb76edd647e5c8d888888976ebbedb6bbaaea8f917be4e0318fe51cdacb5e8a723768d0a0ee1b376e9c2887c38b6acc9d8dfafdf7df5f3d2f2f6f469f3e7d2e0be2d7732eadd54d7946e16afbd8aeb149295ea9b94e31d417a04c874c99beabb29569ca272a2c48fff8e38fe74e9f3efd9cc71f7f5c9d7cf2c901f922ad5ab5524f3ef9a404eacfe9caa05f55fa110eefdf615d896cdf8e5f8f796effcedfd5e6a56f5adb00e54146db323333a7dd73cf3d91def3558bd3a80f1d3ab45a5454d48cf8f8f8ab02fcd5ec499e3b9567044d921cf6ce50fe577990e1ac38afd44a85e95c74ea0b54d232bda5b29469ca272a34489739e89f7ffef945bab05bf3cb0349deef91471ea95dad5ab5093a506f5f157e803ddb96eb02fd963ab07ba3df6d0e646e52a98b5f55bb377fafdcacb18a20928b9aa4a6a64e2a4d63ee6cd4870c191253bd7af5a9016ed4ed06fd249d0698244382fecead915520ecab8ab4f57a9f6cea0b50a643a64cd72f4199de19aa659af2890a0dd2651597b973e7be7ae59557066c04dd9b8ca8eb4a203a2222e2ddca9cf1d293fe73c54495f6cb473e2f1fec4d2e27bc7ddd67eacfe5efaaecbd69ecb9084a632e173591f9aaa56dcc6d72387de8d0a1c168d4c514e5591142d2f33aedf3b3dd16d3d8cba89c9c94262797a5e834421d3d9194fa0294e9f02ad3397ecaf4551555a6299f0889207de6cc996fcb328a32873c98aeb8e28a1af5ead56b5399a7bd484f5a0e7d9594f4d0372d799d3d17012587c3edc6bcb8f3558b620e93c754ab56edc300cf679dedf87ba93a7a98db79b85b1a6c7b4de57de635f6eb24409713cf92a82f40990eeb323ddf51a6532aaa4c533e112cc55e825146d19f7efae9deb2cca22ea041ff6277dc714783175e78414e2679bf3266bcf4a44bcb9d97c39e8b80b14f28938b9ad88d796666a6baf3ce3b8fd9f6a5975e2a30cdedc08103ead65b6f3d66bb575e79c5ba468234ea0f3cf0400d5d96a7eb46bd47525252692f36d25cf99e732a8fc961ef57956704ce76a14e639467d9b63b743a641eef6eeabd993a0da5be00653aeccbb4dc6f64caf448ca27aa64902e5712fdebafbfa202d5232fca19679c513d3a3aba8dee14b44e4e4e4eade88cd2dfe33197cbb5262d2d6d764a4a4a994b55fbae4fb3f7a1c2c9689b69cc0bcc57ad5fbfbed5a04f9c38d16ab4855cc5edb5d75e9343e8f9dbbdf1c61b56a7fdc89123d6fd060d1a28990e278db9cdac105173d4a851d3e2e3e313a64c9932bb145f759af23fe75446c5cff16af0ed003cb190f75c1b2ebf13f50528d3c52ad38b289fa84c8a3ddd65c58a1537f8bb5051b0e88a40e69cf50c91bc7acaed76cf38eeb8e376eb80fd3d39d4d7ab57afdaec4228cf8ea2deefbac7c5c505e44ac1e6a2267e4f28bbe0820bd4f1c71f9f7f5f2e85ad1b7fb574e952ebfe6fbffd269df7fcc63c2a2a4ad5ad5b575d76d9b147c1a5ee78e08107648588e452ce672deaa4b09c10fcbde202f55b81f24c990eedbc072a34484f4b4bebd4a1438772fd72e79d779ecc3dbb309432cce5724960de4f07ec9feb0ecb665dd8df95807dc08001e5b646eb9c3973544e4ef1eaaf1d3b7658db1797bcefd4a9533d356876b6dab76f5f81f4eaabafaaddbb77e76fffebafbfaa6fbef9462d5cb8b0407af7dd77557a7a7aa19ff5d65b6fa9c3870f17b98d7c8658b56a55fee39b376fae8ae5d5ea28c6c6c6ee2c6b47d179d5c1c24e28bbfbeebb55cd9a35f3ef1f3c78d0fa4df6eeddab264c98903f222764bbfffce73f7e3bf27274cc6ed483bce672a8f85a07441bf56ff5864e9dc3edcb27252595a89c7dfffdf76aeedcb9051e932090f25fe4c0cfae400cfc50a64b97f7ba83f17e651d749332e96cafedc7fcc504dbb66d539f7df6597edb2db7120754f176373c8274fde3d5949557cad389279e283549a710cebf063a0d90805defc81926600f7aef5c1a360996c5962d5bac42250d9914a0871f7e58fdf5d75ff9dbca5cc3afbffe5acd9e3ddbdaf6e38f3fb60aa8a4279f7c527df5d55705de7bfaf4e96af1e2c5d6df5bb76e55595959eadb6fbf952bc35a8fdd78e38daa4e9d3af9dbfff4d34f56e57eeeb9e716488b162d3aa66297cf77aa55ab56fe088ebf6d6454a7458b16d6df83070fce6fd46fbae9a64203804aaeaea3a3b8a9a41dc5279e78a24f71af3aa83b04d6285a8d1a35f21f93467ce4c891d6be61937de2ef7fffbb94d942df4f1af5a1438746684941582122e4e8df48e6dddeaed312fd3bedd0e9f57019619f3c79f231e5d149ea1dbb2e912401ba1d00489269143d7bf6cc2fb3947fbf033f75ca3af043992e7ddeebd4b72207dd8269ecd8b1d65111292b1203486c90919161952319c0bbe38e3b0a6cffc5175fa8ead5abab9b6fbed92ac3a3468db2caa8c405725f3a78285fc56e2874e18d92396de549571c4d74e1c9d10567b87948cee8cef0d11066eb8276ccb0adae3432f5ce99e9fd786e6e6ef6d4a953d303fc756b99807d808c74ea823e4fdf9f181d1d9d9298981890f55b257896f981eddab5b3d2fcf99e13dbb76fdf2e471d54a3468dac02d8b46953fb37539f7cf2893512229a376f6e25dbce9d3b8f19c99282a82b7cf5e0830f5af314d3d2d2ac023e68d02055bb766dabc076eedcd999c76acd9a3505466684bc4e1a61e9c5cb7716c9c9c9ead4534fb55e23a4c2a857af5e7eaf5e46e4e5ff70fffdf75b23fad28397db3ffef8c3faae279c708255810869b8edf7a9e21adafb9dceaffdbaac4cd5656196bf73277463da4377e6de739e505694ebafbfdefa6d64c44d48a52f1d42fd99472b92a828d5bb77ef62bd9ffedc1a43860cc91b3d7af407ba51bfa194f359c3915c9c450ae37f8e3beeb874fd7f9fadf3708a2e07298138cf25d0d6ad5b679d6ce8cf15575c6105d51b366cb0ca624c8c27ae917a42d7b1ea94534e51fffdef7ff3b7a7fc9768e047caf3015d9e3f2cac3c53a62b36ef4399b4ff5246962f5f6efdd652aea473669f7f306dda34f5f4d34f1f136348802e47d1645b69c73b75ea649569316bd62c5adc500dd2a5c2b42be1f2b26cd932e9e9ca771c56446fd8e7e3fe465a64845756a9f1410a62ba2afb5cb846baa0cb072448bee94a6b7d51533f8a4346a8e570a47c77097ca5573b6fde3c6b6a899051acfefdfb17788d4c3de9dbb76fb1de5fb68d8b8b536ddab451975c72897af4d147adf98afff77fff67fd16e2e5975fb67ae44e320daa4b972e05335237ae52412c59b2445d7ae9a5051a76e7a89934b6721292908e877cb6bdbf49e7437e43f9bfcae3f2ff94a0dfb9ba9034366fbffd767e47a08a73761477e98ee25c67475146db4c635ea28b9a4879918b97c9a8cafefdfbed8e71fef3d279bfe5965b8ee9a815e6cc33cfacf5c0030fec7be18517aa5aa06ed759b1fae6367d7b9b0ed8f7ea323d4bff3d39909dfab29232ec7da8dc9b3d12deb56b57ebc89b90465d8ebe49f9bef0c20b8f09ec29ffc556d3519ee55ca8b97a1f4974ee2394e9f2c97b5d977e11e841b760fbe0830f94ee34a9962d5b5aedba1cf5d6df5dad5deb395ffee28b2fb6da67bb4ccac8fafaf5ebadbf659f904e9b3c26d35ce5b532c057858f5e877e90ae774eb7ae385de519a8ebca7ea7eeedd5d315d3484710d2d8478317a30b53acf7e3fab1fafa395fc3fff29f88f5931fcd83d020b79520b7b8a3128591d1a9152b5658534ce42c7ce71cb13ffffc533a04f9f74b32d2248da204e4ba32b2027d590140cee69765b7a4477dfbedb7ab37df7c337fbeba4d1a4c69a8bd2b731985916d376dda941fa44b4ffe99679e5176632253741a376e6c35eea9a9a956cf5f57f2f9a3719264e44cbe876c230df482050b943ded4adeeb91471e0948032d472064c4c171d426dc357476146fb8e186ed7a5f6922a36da5b9a8890450124cc9488bb3a2967d4c2a6fe7d195e2ead8b1636dbd5f65befefaebd3f47e374d7fdff555b112764c77e86777eaa571ac4872844d7e53e7f4077f7ef9e5176b00c79e3b2ea3e3d2a89f71c61905b60be5f21f06f585fc27e3f53e126fef23ba733759d7f98f53a6839ff7de836e155d3e8b22bfa70c0cbef3ce3bd66f2c47a3a40c5d7df5d54aef37f9f1c28c1933f283f40f3ffcd09a0a65055ab56a59c1bd0cd04939b41f77ae0284100bd2ebd6ad7b243333b3bafd6395cbb060ad5a3b750376303939b95c2a4299277ac20927c4e6e6e6faca978dc57c9b5c19a8f06a84379c79e6992796e5bbc99c419956f2b7bffdcdba2f878a6534447ac2722858c8a162e7f4929290a05fe69b8b7ffef39fd6e7392b7e7f277875efdedd0ac8a5b76d936938d299905132e7c89990ca421a562187d264044e2a0119c59780de49fe8fb2bd8c08f4ebd7cffa7f5d73cd35f9afd50d4189467a0a238dbf747e5411476dc295aeb48f93bc2acb5507e537f8f1c71fbd3bc2eabaebae2b4bb053dfbc4f5f85fc4ebd044e3d7af4a8b0ef20e7aac8d414194d9772684fa13b66b44307e73272ee4dcabe8c847b0bd5f21f6ef585ec233a7f865d7ef9e594e92a583e8b22036ec3870fb796dc94f2266db49cd321edb4bde8847438ecf2239d0ee9b449c753c848baacf42381bdbc463acb12f8cb91fb71e3c651498762905ebf7efdcdba126d5b9e41faead5abff30416fb930f3ce7c9e29e5677a8c5da9e59869392252dfcfd4f7e79bc3d773e4f0d82db7dce22ecb7793c2242353efbfff7efebc7299cb29277ed8a35dd2e0bdf0c20bf9a35125212798cae1676914ed796b32e5257f47893a7657b103733994e63db226d35f76edda654dcf91cac22615843d07553a1dd2f04a432f7f3b970693465b1a6179fe861b6e38a631966d03d940ffeb5fffb28204ddf08e08e1f25a9c80204fef7f798efdd11e1ddba12bde46ab56ad2af5d507255892a965cec3e232ea26f31425a02b0dddb194734ce4e4adca38925eaa004ef24107be6d2bf28b7ff9e597d65135a9efe50450394fc517e7d27c76475e1e93205f02e92953a61438ba17aae5bf82ea8be2ee1f3e077e74c72959b7590fe9f24c992ea7b269e7bd2e9f278672c52327fdcaf430192d9713bae5c8961d23d8f3cba5fd964525ecf65d9e93b9e84246d2ed73dfa42ccbd41899e67ad145171135876a905eb76edd6f7445da564e502c2fdf7fffbdd41cdf8460be1d3181790d5368251f256295d6674a8d1a35e6ebc03c33481d1775db6db7597fcb7412e795e284f47ea5c75b9a93aa9a356b66750064345e0e7549632b9f218daf145a2b02741c169560bc7dfbf6d619e112a8dbab05c8ad1cf29679a4679f7d76c11d4e570676c3ee1c4993e41c4993205fd2c081030bfdce3202e09d07a52187dd6544eac1071f1c1eaa85557714fd352c79a62197c9ba117a7f8cf0d5517ce491477a8f1b372ee9de7bef2df1e171d9afa4a2f79e93282708caefe67d427171e80067fb9b6fbe59437fd79ec9c9c9956e4e7a21bf9777509ea9cbabd41df9735e75197757d4f796f22f2371f63e2247ea7efffd7775f2c927e76f23d3ec56ae5c997f22a7b047e1e431794ede478eca39cb68a896ff8aa82f0adb3f8a33f0234fe832bd8a321df0bc77bb1c27ba0563d02dd8e4c8979c002a23fe32ddf4aaabaeb2ca921ce5b6a72c3b9756f43efa2e47c1a4332d837672845d5ef7f9e79f5b836e08d1207dcf9e3dcfea827bb32ec011e57441a36cdd30b4d7b7778560be55d305b69a09cce5aa699fea1d7f76b04f28292cf09651f0efbefbce2a54a5652fed287340edc651e691caf24b327224effde28b2fe66f2f27b20a998223236df6b290ba22b3827abbc7ee24d3607c8da4495020bdf6a2c8217099bf6a739ef852c51c3123e6d1cab3946a44511dc5679e79e6c34183061dd615ed347d1b59dcd13769b4e58461e79426e7e89bae1bac511b19792beee8a60e00b68f1d3bb6860e10fa56b593468d0c9d7f3375999e9e9e9e3e3f94568f78ecb1c7d4f3cf1fbd1abb9c407eedb5d75aa3abf6b417e9c44b92c65b826429c7f6f289b21fc83e21abb1d8d35328ff45924859f681ea2519f8a14c0786333037b7e532e8562e3b96ee84d9d718f03792ee4de6ad3b8f924980fe8f7ffc8315d54239487ffae9a7ffb8efbefb36ea1ffba4b2cc812baeb973e74ed73b572bdd1b4f0db1c22c853545efacf6a857b9165e19e1b01b39e79c4f190197e7e464aaa20a929c50220da48c76fdfbdfffce7f5c1acb5b6fbdd56a58e5b09634c232cf5d465b649d7459635d46d6c78f1f6f3d6e9386a15bb76ed68960725257612bd948d06f738ea4f91acd937971766f5f2a1af9bed2619079763287deee9cc8085e79ec9321d8515425ed28eadf6ea66ecc7beadb69c55d11e2a38f3e2a7081133959588ebac8852fec2b13caad9c783460c08022df6fddba7569e3c68d8ba98201ba148c99d2f0ebdf6a5128ae12214bb2c9c8d949279d546054eea9a79e52e79f7fbe350dae57af5ef96556caaf7de44e026ed937a4deb0e7b052fe8b3f066302f4120ffc50a6cbce119897dba05b7990813799fefadc73cf1df39cf3f77706f4de24c0974137593d4e3aebbeca2b42204837bdeb873fd074501615e4d1f4cc8913279eaacbcdd810caabc7f5f749d585775a45155e294072b28addc3f50ec6bd47ad0e1d3a54a0b1b5c93c5319299151a861c30a1ef5934b40cba8b83c2fa364d2dbb62f6424ef2f87abe571e73c53212790cab62fbdf492ccedf73b87d5491a013931c5d7089a34f87272961c66b72b0519ddb347cd64fd6519e991517bfb62275545593b8ad2a8df75d75dbdf46f35e5de7befad5658a32e1d2ee9143a2b7499ce24a3ab0f3df49075de8190a0492e6025971d2fece22772387cf4e8d1f5e4a4b22a12a0cb9c5cb9a0c1db3a2f5786ea7acb32422d8db004c0ce0eb84d8269296f7292a11dc4d9a4dc4bf03c62c408f5e9a79fe6d73194fff21bf8a14c87e7a05bb049bc20bf9f1c0d9178c13eb74c06d46409cefbeebbafc0f6f649a5b2ad4c259318413adc72e143798d9c1f22cb7616e7a81702d4812ce90beeb8e38e9faebaeaaad3658e53b0e802fff6b265cbdae9cae4a270bc88802ff3e6cd734b6109062958be4eec2c6b87c0df887c69e7bcfbeae53be7b4563459dbf9924b2e7185ea3e949090f0987414756312908e62efdebdbbea4ee7a703070eaceeaf5197937e659a935d79db9709977353a4d2961395edd14ef92de530a974ea7c75e2a531d715bc9cb8d03f2929696665af5ce5caa2ba0e5b589a3a2c98f5453007114a522f845af92feffa22d0e599325d7e795f59cba79c7f229d74d95652a0e30adaf3922b71a4b567cf9e6b66cc98715046388261f5ead51feb00fd4a5d806eaf2c017ab005a32015569803352f2d9c1be88a909c9cfcb46e08df0f5483fee1871fce3f72e4c8b513264cc8b64ffa73921536643a81dd980b99ce649f3c2ef38b65c5217b7f90a04ba628c86a02de64beaa34e67238bc2a04e8e6f74aa94a755849eb85aa5efe035d9e29d3159bf795a17cda47d19ca3ee08b3205de688eb827bfb9831630e047a41ffad5bb77ef7dc73cf75d201fa505d80d6f2f300c1a5cbd99c43870e5d377efcf86cfbe422219783970b59d95723b4c9889b932c01ea9cc72887ca274d9a947fc85cc8689b9c50a6ff8cafa22789029469002556aaaed2fbefbf3fb96fdfbed18f3df6d88bf7df7f7f6de7d25ca52523e812a0e7e6e6beaa0bfdfbfc3440f935eabd7bf7be5a77bc3f193468508c1c2697cb82db6be616460e9517b69dbde28334e6f239e436409906503ca59eb73079f2e477f6ecd973fb934f3e99356bd6acfdb2a4532965ea029ff8cc33cf9cab7befc37480fe1c3f0b50bee430f9a14387ae96d1b765cb9605e40262d2988f1b37aeba391c4e630e50a6019447902e74409d9c9393d35157063fde75d75ddb57ac5871b0042fcf9e376f5ef28d37deb87ec992256d5d2ed745c9c9c989fc24408537ea87cadaa8db87c375e7fd260e87039469002557e63303cc3ae6ff4e4848e8397af4e83bab57af7e7afbf6ed7774e9d2a5769b366daa376cd83056d6df3e78f0e0f6cccccc3dbffcf2cbef0b172e8cfcfdf7dfdbe9c22ed7b77f253d3dfd7d4e120542a351efd3a74f0fdda84f1f32644874a74e9d4abcd6aaf370b86ecc8335da26ebf2c9495fd41b00651a20482f2258978b004cebdbb76ff355ab56f55cb972e53ff5fdcea6d0c97568ebe9240becca25cdbed4e9ce50bb501100cf7c5669d475a77bdae0c183ab9d7df6d9c55e86c3794299e370b82cc6ef7d294439ead6b70c5f739b4ed72bcf1ae4a5252b528cd4694910b251ae963c44a7bfeb749cf98c1f74fa9f4e3b8b786d3c7b2128d3215da681f00ad26d93274f966b438f3709409836eabd7bf7ee3e6edcb899ba5157c569d4ed3593cd55079da36d5d745aa6d322c763a1305a3659a72d4178df0b75fac4040b4f2bcf950cffa5932ca3210313ef15f1fa97d90341990ee9329dca1e85b00cd201540e72985c1af5b163c7ced08dfa91ce9d3bd7f2b7ad5c165cae3aa8fff477d54169cc67fa69fc2ed7e921c763ffd529dd6c2f75d4dd3a9d638280e93a7decf51ee3cdebed358ffb986da79afb67e8748ff21c4e4fd3e91d9dd6e8248b43cb1a75323256cb2b7896cbfaca08f844f31d86ea74b64e874c10fd4321593749a7fb757ac3f1d84c931a98fb7dcd67449ba04246d8e5eaa437ea5487bd0f94e9902fd340d0459005000a6bd4dd6e77af71e3c6b9962f5f9ee56b1b99af3a62c48818b92c7821173591c6f00a47bad43cbec034ea23cd7db994f12075f490b7bcdfc53ac99a709f29cfe1666ffff51a70b8d8bca768a53cd3eb524c83bd5da7ebcc7332b2dd52a74d3a8df5aa0f65b46cb79d0d3ab5300db41d6cb7f7f3ffb4a7b7bce5e779fb3d1b99c024d13cb6c07cfe3a9d0eb3287025b60000200049444154e781321d36651a08c920bda649002a31394c9e939373ed9831635c4b962c29d0a83b577c28e2aa835d75bacd91fa9bc7e5aa29d79bc76ed6698269d4658ac839a671eead938ce44dd1e9a2127e7d99372bdf799609089ed7e929af6de4b0fd9f3a7537f7cf308df2c7e6ef5375fa3f9de4b28b53cd77e9e1e7f3e4757bcdffcb16ef48279ac75ed269864e7b241b956784fd6f3afda83c237b00653a74cb34502e4a33dd25def450d79a9d57921c967adbd143ed5d968e7e195f0f20c0cc61f2ebc78f1fffd1800103f668f51a356a94f1e69b6fdaf3558b5a924d1a527f0dbe1caebedd34bab728cfb40f6502daafd4d143deaa140da534e232ba26974bfc4ea76f751a650206a737cc761f99ef601fd66ea73c23735bbdb69fece7f36414dc7bbaca15e6364ea72775daa03cd35b64f4ef0713a8cb80491353af02e559a66776eedc39bb5fbf7e315bb66c71ce41a74cfb2fd3404806e927e8f4ae4e273b767079ec3cc736d7f8789d3de27ea0189f714d65cce8888808b7aef85cfa96bd2e04e9df6693d9975144a3fece3befd88d771db7dbdd33406b26dfa43c735ca5319d681aee43a6312d8e5a3e1a6921f35865144fa697c8e1f2813a3533018493cc391d6d8208f92ea79bc765452a7b8e6b717c65026e39f43fd73c668f307ee408da6514b28d2358e9417d417d5111653a3e3efea3c58b17dfb86ddbb6acad5bb7163740afd2659af249f92cb7d8b184dbc79a82e65c426caba3f191d1a168f398a4dae6f60bd3a3968cebe078ad2cc738c8f4ba3ff4f3fa4a212626e6afbd7bf7527a42d4eeddbbe5a4a395e444d18dbacbe592e55695dc06a8311f64cafadf4dd03ad63c2e73585baba3735d85afe509a5feb8ccfc2df355cf743c2787b6ff66ea2ca9a7e4f07a031fef71c034eab2cd42c7208434ca32f2d6cbb1adcc653dd5cfff45beff083398719e575d5bcfae0e4ca061cf3d3fcf3c965fa7eabccda2bea0be280f7a5f93233b6acb962d7595671d74ca7411659af69cf2595e4a3a92beccf42a7f579e933696991dfe17f3fcff995eb3b307d3c6d118c9c9207292c8cd8ee7f73ab6cff3f1fa4aa15ab56a0bf7ecd9d3a35ebd7a94a010949e9e2e731c7f25278ae676bbd73b6f8b6986d77d29f71214c848d8c38ecefb0d3afda43c73b3e5c4b29eca33954eb697d1b225a651761aaed39bca336a262791ed763c57c70c12ec509e69258dcc7bfa229f73a7f2ace2e06ce8af360df458f31e0dccf7f4474e98dbaf3c5301a2cd6b9a983a530ecf4b50345879e6d5cadad25fab82cbd73dbf74e9d2f75ab468a1a82fa82fcad1f38e75d029d38594e91f7ffc31ba69d3a6944fca67c805e9e21ad33b3ed3dc3ea1d333a630f9126f7aac7226780d53b8bc0b51a5979d9dfd425a5ada35bae1ade672b92845a12575d7ae5d7232d24b6445505c52c873df28cf792d3669788f77dc97410019e5aaa90a8e3ed7756c33d134fead95677514a7efccfbf99a7257d7c72084afc229eff13755b2697bf6b522e435f54ca0e19c7bfb2ff39e9b55c1f9b922e9cc33cfdca8eb8b05babe88a2bea0be28af668a325dbc321d191919a7cbe74cda73ca67b0957642957de53c59d35746beeff1b39dccbb1c627ab227986daba40b2eb860b1dbedfe69dbb66d14a110b366cd9a79fab7d976c925972c223742d60155f8d284877d34e6deaf3f1080ef70a014af4953be4f8e5be72f30927d51ef93aba82fa82f28d3a157a6070e1cf819ed39e533148374593ea9bfd7eb4e519e25c46cd2336e62fe3ece14327b2ed869c5f80ce7eb2bd730457676bfd4d4d40359595994a410919999394bf7baafcecbcb1b4c6e80fa02d417a07c523ec3354897395932ef5cceb896b96b1b95e704903b1ddb8c519e33ba65b45d2e6a7086f97b8d09f28be27c7dedcab40375ebd66dadde79aefdf9e79ff750b043a340af5ebdfa7497cb75bbfe6dd69023a0be00f505289f94cf5051dac95412dccb5caec3caf7e1aaeae6d67e4e4eec90133f8abb1eaaf7eb2b95f9f3e7cb34a0e9ad5ab5ca69d1a24543e6b495bb543924263d6e29d05dbb769d4d96145f4242c2707d334ca711c9c9c9c3c911ea0bea0bca33e593f249f90cbcc852bece6d02e85c3fcfe77a3d77d0bca6b8720b79efb03769d2a40d7dfbf69db967cf9e8edbb66dab9b9d9dbd2e2222c2151d1d5d3b1c0af8860d1bd4ebafbfae1a366ca89a34098f9949b26eaa2ec4df6ddcb871d96fbffdd6e8e0c18351b21ef0a5975eba903aae643a74e810a73c17e6f946578e29856c2a4bb666fbe99cd757253b51adca0af7fa221c85617d21479d650592795e8f37569e9330e5a8f6be32966754b2f2999696269d0c55bf7e7d55a74e1dca6708a286af6073e7ceeda40b720f5349765605d74b0e491f7df491ac436a2d3fd5b367cf70c96a39d741d64d9546683a277d955e0946de645f966557c7fb784e1e7f8ddcacfcf545980aa7faa293f9ae52a69275ca743c274b0fcac8e2da00946754b2f2b97cf972b562c50a75e69967aab3ce3a8bf249908e703760c08098ececec83f951584c4c8dc4c444464409d2fd69ab3c6b183fe7bd2be994486e0265364a79d625efa2d395cab33e79ba49328adede0435b309d2c16f1f5eb8a62d4a4407e8e73bef1f3a74288e5c4121d69bf4942a785d063a764060fc680275995ef6a94ecf2bcf05037f539e1174b9cae73fc92680201d955fff22ee03dea699e041aef0d7d63c964eb60065d6d604e723cdadb741ca33e5e2105905849f28b2002574b5f34e5e5ede657171715129292939640d1c8141b62a385a2e278aca5c59b9a6821c765fa53cf30901945e9cf29c102af5aff7b27317eaf4a529775cbf1e20484765d6a74f9f2e6eb7bb91f33197cb55bf69d3a6d250cc278760ac34754b8e8fc7bfd0698b4e13d4b1f3d40194cc5b3a2598f2240179aae3b9c9a6cce5984e3250806ecfebc90a343a65921b04e908ff021defeb715dc0e309d2e190e2e77139b1cd3e79ed71b20908880c9d6e549e51755972b1b9795ca6bf3c6bdaf92fc826f868bbeb9bb69d203d4431271d2509d22ff153d0af92555fc82114e23255c9ae200c8408efc13609b85a2bcf341859dd454e244d269b80f02fdc804f09090971faa69d9fa763cdaa2f29e4147c902518ffadd39ddefb8de20452a0ace6985be9044ff37a4e064f642acc173e9e0310e2184947b1b8ddee6b8bd8249e5c820fe3741aa87c4f6f49207b8080f135e530db748e67933d00413a2aaf5e453cdf5d5679219be065b04eff529e79b34e7285b8f1640f1030feae3d90a3b82e01109608aa50a41b6eb8a1535e5ede09856ce2d6295693cb532f25c75086800240f15da53c4b2dee2f641b999b2e73d2b7905d00413a2a99dcdcdcfeb24c5321ec276f254887f24c6329ce89c42b4d02503a1280cf7204e0d2a6c77ab5ed327822f3d2af23bb008274543e971773bbae5cd8082670f00ed233cce3360924184d07ca4e02f4ee3acd34656aa1795cca608eb9e5a45180201d954d7c7cfcf92e97ab5d31376f1b1b1b2b6b61a79073559a7d925a6d75743e6c94b9dfda04eca964131030ebcded1deae83ae96d95e75c2239ff8375b0018274543653a64c910abec05c97848484e1fa66984e2392939387934bf0a383d94fec6516bf340103f50e1058fb4c923296621e1ba058e214204807001f24207fde1134c429cfc83a80c09140bcb53a76052546cf512897cbd5dced76abbcbc3c4e2a264807000001e63cb7438e5ec9352bb6ebd44a794ecc4e258be08b0ed0ad1830222282c11382740055487d93fa2bcf087a239d369980812b8d02810fd4a5bcc9528b32826e9f304a1b0f10a403403e3961adbdf25caefc1e75745597d6e6564e2e66b509a0ece464ec01e6eff6e636531d3bd545a633ac27bb0082740055dbbb3a8d51475799686c6e634d50216be99fafd31ab20a28137bd4dc39e545ca5d7dc7fd1853f608d20182740055dccdca7325c44e856c53cb041604ea40e92d240b00827400282e19b11b4f360041675f348c0b8301955004590020089dff9822820a0065374179a6b238c974975f751a44f60004e900e0d455a767fd04e471640f1030b37c7490df549e13b6399a058439a6bb00083459d525c704eb12a8d7368f3b579d90603d85ac02ca44564e722e677ab74e4315e77a00950223e900024d9682936516ff6902f454e5596d82410120f0ecf9e852c6e613a0a304ac15b8727373b9e26888a2d1041068093abdac3c736525a578350a7238fe0bb2090808294f23946745a5b5caf7943239999b400c3e63c0c8c848ae384a900ea00ac930017a37e519dd53e6be040a72387e804ea3ccdf004a4f3abcefe9d441a791a65dafedb54d7d827480201d00845cc0a8af4e5f3a1e93f9e9cd4d002f7fbf4d36016536cd241949bf43a7db55c179ea00c21473d20104cbc3ead8f59b65342f5e792e66b4962c020266b64e372acf11aad6640740900e00dee42a88dd95e7045249efeaf4a04ed79ae71f579e1175d64c07024b564f922bfe0e501c2907c21e851840a0c91c749913fb5f9d46ebf49a795ce6c5f6d369914eaf28ae9208048294b57d8efb7212e073ca33fd6526d903842f46d201049a8c90cbe8f96cafc76594ef38e539817429d90494d922af00dd261de014b207086f8ca403083409107af9794e968a63b92f207065cd9f4cb207086f8ca403284f04e800101ae4a8a68a898961352082740000008408ebe4fdc4c444ce0f22480700000040900e00000084214e1c05505ac312121286391f484e4e76912d000010a40308a23e7dfa5ce676bb3f27270000285f4c7701e0575252d21c7db3bb989b6f21c70000204807500edc6ef7f4626e3787dc020080201d40f904e9538a78de2db72e976b32b90500a1af57af5eb1e64fd64827480710ae6ad6acb950dfecf0f7bc0ecee564d18cf4f4f485e4160084bec8c8c818f3276ba413a4030857e642179f16b68ddbed9e999292c2d5440100204807508e26165a9144444c278b0000204807508e642a8bdbeddee3e7e92d696969f3c925000008d201942399cae272b9def3f59caceac25417000008d20154001d8c7fe1e7a92fc91d000008d2015480eddbb7cb3ae8695e0f67e4e5e5cd267700002048075001cc9416efd1f43953a74edd47ee0040f870bbddac934e900ea09229b0ca8bcbe5625517000833baee669d7482740095494c4ccc22e7fde8e8e8147205000082740015c85cd868adfced72b936e8fb99e40a0000811745160015c3ed76c76cdcb8f1ee7dfbf6f53b70e040bbfdfbf7c7e4e5e585fcf7cec8c8508b172f56679e79e689b7dc728b3b1cf25a7728dcd1d1d13bab57afbef8c89123a3bb74e9f2357b200080201d40013a38ffefd2a54bc7646767d78c8d8d5592ead4a92357ee0c8bef7ffdf5d787557eebce8f4b77861a6765655d919e9edef5db6fbffdf5e0c183fdba75ebb686bd1100108a98ee0294b3cd9b37cfdcb469d3ab8d1a35aa79ce39e7a8962d5baa7af5ea854d801e96159dcedbba75ebaae6cd9babce9d3b576fd1a245471955ffeaabafae2577000004e90001fa4c9dae3dedb4d3d409279c20d330c8940ad0ac5933d5b163c71a3a787f6ffefcf957912300008274a08a92292e1b366cb8b65dbb76d6a8aeb743fbb6ab2d2bdf53ebbe7e52fdf6d570b579f9bb2a3b6b2b191724b56ad552679c71461ddd517aef8b2fbee8408e00a82aec75d275fdc73ae904e94095af1063323232c6c8d4167f01fa9fcbdf51fb327e5379b987953b2f471dd8f587dabcec6d02f52007eaad5bb7ce8b8c8c7c89dc005055d8eba4ebb68975d209d281aa4d5671919344659a852fbb362d503987f71ff3b804ec191b53c8c0206adebc79c3a8a8a893e7cd9b773eb90100204807aa105966515670f13707fd6021a3e532ca8ee06adab4a91cf2ed414e000008d2812a44d64197155cfc71e71ef1ff62771e1918648d1b373e41dfc49113008050c13ae94039900b15c93ae8084dfab7395edf3421270000a1829174a01cc8954459073d842b42cf6fc3a0050080201dc051d56a34f0fb5c543423f0000010a40328770d5bfe434555af75cce391d56aa886adba9041000010a403286fb59b9ca26a356ee7f3f13a4d4f2383000001c3c58c08d2019440ee9183c73c9673682f1903000828c7c58c0e911b04e900fc38bc7f877565d17d3b7e3de6b9fd3b7f579b97be696d03000008d20194833ddb96eb00fd2d7560f746bfdb1cc8dca45217bfaa766ffe5eb959331d00802a8125c7800a2023e3dbd77d668d9417475eee616bfbbd3b7e554dff76858ab196f5060000951523e940059091f1e206e84e32e2be69c9eb6420000004e900024d46c64bcb9d974306020050c931dd05a800edbb3e4d26000000bf1849078032e8ddbb77d7848484c7c8090000413a80221d3e7c58fdf1c71fd6df79797956f296959575cc636fbdf596dab66d5bfefdd1a347abbffefaabc8cf5bb468919a3973a6dfe7d3d3d3d5be7dfb8e79fcc1071f0cab7c8d8b8b8b3281f9049d76444444ccd30f3fc51e07000824a6bb009554f5ead5d53befbca3aebbee3ad5a95327a5034a75db6db7a9cf3efb4c9d77de79aa51a3466adcb871ea8b2fbeb0b6fff6db6f55ebd6add58f3ffea82ebcf0423571e24475fef9e7ab9f7ffe59d5ac59d30ab067cd9aa5faf6edebf3f3323333d5912347fc7e9fc68d1babeeddbbabd9b367ab850b17e607eccb962d5373e6cc51393939eabbefbe53cf3efb6c4806e6c71f7ffcf96eb7fb567db7ab4ecdd9c3000004e9004a65d0a041d6a8785454943ae18413d465975da63ef9e413eb36222242356f7e34d63ceeb8e3d44f3ffda476ecd8a17efbed372b8896d1f8d8d858b572e54af5d4534fa9c71f7f5ceddcb9d30af045fffefd559f3e7dacbf972e5daa0e1e3ca8ead4a963dd970ec07befbda79a366deaa96cf47790205d74eedc59c5c45817bc5393274fb6be8f04eef219a144ffdf2ecbcbcbeba6ff1ca003f4faec51002a89e3cc6d3a5941900ea002ecdab54b75ecd831ffbe4c47d9ba75ab355adea64d9b02db6edcb8d10aa45bb56aa52ebdf452f5eaabafaa75ebd659a3eae79e7bae15d077e9d2a5c06b640a8d04d8b6bd7bf7e6df97e0db0ed06d329a6f9b3e7dbaaa55ab964a4b4bb346d245464686d529a82803060c88c9cece3e5ffa1f3a75d581797397cbc58e04a0b28931b7d96405413a80722473c8658ef8840913d4bbefbe6b05d832422ea3e732822d23e476606c93e931070e1c50292929566ad6ac99bae4924bacd748d0fee28b2ffafc1cfb7dbc47d2650eba4de6c6cbe8fcb061c3ac91fc79f3e6a9264d9a58cf393b11cf3fffbc7aecb1c7f247eacb8b7446a4d3a003f483a57d0fdd0119ce9e8730348c2c0008d201941319c1bee69a6bac39e4f69416098a658eb93c2e01bb4c3db9f5d65bf35f73f1c517aba79f7e5a9d72ca29d688faafbffeaa7af5eaa5de78e30d2b484f4c4c540f3ffc7081d171f9bbb09174db49279d64a5a4a4246ba4fcc61b6f54afbdf69a35075e3a0242a6da3cf1c413aa418306e59e5f3366ccb0e6d413ec000008d201946f61d781b7cc299713495f7ef9656b84dd2623e2cb972f57f7dd779f7afffdf7d505175c608daccb28f90d37dc606d23abbc3cfae8a3d6bcf1404c49912937b7dc724bfefd2953a65448802ea433327efc78b567cf1eefa7dc3a1577becb08f63284b144b20020480750ce642aca59679d659d9c2923dd32c26e4f3711f688f8dcb973d589279e68adf4b278f16299fe6105eb42027799936edf17cef9e4ded35dfc2ddb28f3d857af5e6d8dbacb67d876efde5d61f923ffe79e3d7bcae87f0dfd7fe8ea72b9e4645139cbb5797103f6e4e4e4e1ec6900008274004592805846bf2540efd0a18315a46fdebcd9eff632ad65e0c0816ae4c891d6bcf5050b1658b7b2bacbb5d75e5b20401793264db2e6aedb9cd35de4bdbceddfbf5f3df3cc33eaa1871eb2965c74ae9b2ef72b5a6262a29c44355b525c5cdce0d8d8d8ee6eb7bb9b0eda2ff30ad865d179ae3301002048075072b236f99d77dea93ef8e003d5a3470f2b609739eaafbcf28adfd748e05cbb766deb6f595f5d826e3bf096d171e79c746780ee4d4e38f526278fcab412997a2327873ae7b34f9d3a35a4f22e2525457a0dd34c921343e3f44d0f9de44bb765ef020010a403289551a346594b2b5e79e595d67dfb2452997f2e2bbf48106e938b1c49602d4b30ca141699ca221727b2a7b3c8c9a66bd7aeb546d97df1775553a7254b965817467292c05f568e91f70f65c9c9c92912bbcbdff1f1f1b24ce3ad3e46d801002048075034eff5d0855c4c48ae28ea74c5155758b7ced1ed92e8dab5eb31d361bc3903f4d75f7fddba9591797f817fa89a3265ca227db388bd0b00102ccca90410104505e8c78c10443146000015c1e57259173372bbdd5ccc88201d000000a14007e7b126584f273708d20100000010a40300000004e90000000008d20100000082740000000004e900000000413a0000000082740000000004e9000000551317332248070000408889917fdc6e77365941900e54ed821611e1cecbcb23234294fe6d36e99b1c72020040900e54213131317fedddbb978c0851bb77ef5ea36f56921300008274a00aa956addac23d7bf69011212a3d3d3d4bdfa4901300008274a00ac9cece7e212d2ded88dbed2633424feaae5dbb3aeadbe964050080201da8422eb8e082c53a40ff69dbb66d64468859b366cd3cfddb6cbbe4924b16911b00008274a08ac9ceceee979a9a7a202b2b8bcc0811999999b376edda75755e5ede6072030040900e5441ddba755bab83c16b7ffef9e73d04eaa111a0af5ebdfa7497cb75bbfe6dd6902300aa106b9df4989818d64927480720ba76ed3a3f2727a7e7aa55abb2366fdebc8b39ea152275cd9a356ffef4d34fe7e9bf07eadf64365902a08ab1d6494f4c4c649d74827400ce403d3737f7bcd4d4d4a53ffcf0c38edf7fff7dc5eeddbbd3c3651df58c8c0c3563c60ceb365cc83ae83b77eefcf4e79f7f4e5ab060c1815dbb76b5d18f5d42800e00085551640150fe64ea8bdccc9d3bb7535a5a5a0f9de2f4fdfaca8c6e84b2e5cb97ab152b56a84d9b36a9b3ce3a2b5cb2fc049d76e8f4ab4e2f7192280080201d805f975e7aa95c4027ac2ea2939090305cdf0cd381fa88071f7c7038bf22000081c7741700000080201d00000000413a00000040900e00008050d3ab57af58f3276ba413a40300002014444646daab88b1463a413a00000000827400000080201d00000000413a00000040900e00000080201d00000020480700004065e576bb59279d201d000000a1c4e572b14e3a413a00000000827400000080201d00000000413a00000050c945910500fc898f8f7fc8e5723debe7e961090909c39c0f242727bbc8350000ca8e917400fe2b88888895e402000004e90042485252d21c7db3bb989b6f21c70000204807500edc6ef7f4626e3787dc0280d0e672b9ea9b3a3b93dc086dcc49075054f03d4557eab715b2499e74f8f53693c92d00081d7dfaf4b94cd7e19f7bd5e976b0de3d2121c1ed7c8ef38a420b23e9000a55b366cd85ba32df59443d92919e9ebe90dc0280d061a62c66147373a62c12a4030827898989d96eb7fb93c2b6d1cfcf4c4949c921b70020b448fd5ccced98b248900e200c4df453a95b874a232222a6934500109241fa94e26cc7944582740061c84c65c9f251a9cbfcc52d696969f3c92500083d326551aaf1223663ca22413a807064a6b24cf2f59c1c2265aa0b00842699b2a86f0a9dcac29445827400614c57e25f783d94676ebf24770020a44d2c341864ca22413a80f0b57dfb761989f9cbabfec8c8cbcb9b4dee0040e892a92c6eb77b8f9fa799b248900e209cc9a15097cbe57dc874ced4a953f7913b0010f2f5f77bbe9e63ca22413a804a4057e6ef3aefeb4a9f43a400101ef5f7177e9e62ca22413a8070171313b3c8793f3a3a3a855c0180d067a62c6ef37a98298b04e9002a03b34ac05af9dbe5726dd0f733c91500087d664acb5caf8799b248900e540a316481528d1b37fe406e9b366d9a5cc97f3b7e6f00954d81555e98b248900e846330de5aa7f3754ad0e9219d26e894a4536d1fdb37d7a99fe37e94e3b6bb4e9d0bf9ac513a752ae4f9ae3e8245d9fea98ac898279e78a2cffefdfb875f7ef9e52a2b2beba1471e796440397e7c57939cee2f22ff6cf2fbc515f27c6bf33b3a0df0fabcda5efbc855e67d1f327f5f653e23ceec37ffa5280108a9c68d298b61258a2c008e09d025e84b3769884ebd1ccfb7d52955a71c13b475d149a680fc53273964d841a78526c097ed3255c12bbdd536dbdb67d23736db38df7fbde3fe7a13c80f35c19fbc36d67cce00135c66e8f472b03366e8d0a13d366fdefcde3df7dc1371d65967a98e1d3b464c9830e1adc183071f1e376edc07e5f0db5ca8d318afc76a7be59fdd697206d71926cf621d817a7d9dfe6df235dbfc569fe874a3f94de5f769655273f35af99cd7cc6ba5e3759e4e320a95627e8b54f3b7329f539be204a0a2f5eddbb7794e4e4e7797cb75617676b6b46f728d0b19a475ebfb2be2e3e357eae7be8b8c8c4c9e3c79f216722c7444920528a90e1d3ac49920e49b356bd654a65e788c09b66a9b0a4c82b18b75da6a82e1d6e6fe3e13781f36c19c04cccfeaf4a84e8febd4cc7480df37417696e333fea1d3ed3ad531817c57530eff663a072395e770a47da120090c1be9b4dc049bd9e671f98c29e63bbe11ec8c9111f4f4f4f4241da0474a802e626363559b366d22befefaebee175d74d1fa458b16ad0ee25790cecc99ca339fb2bdc9bb5375ea66f252febec6749024cf64defc529d56eab44ea7763acd36f753cdeff2a9a3b324d2cc3e20792d275725980e92bcd71cf37ecafc061b4c002f9f258dda19e6ef54b38dec2b75cde70140b9ebd3a74ff7d34f3f7d82dbed1eabef5e6deac9863ab9cc26725b5f07e852a75eaab7bb4fda77fd9a5cddb6ff440e12a483203d94e49840ec6213aced3341f577e6f96b751ae708c4ec20fa4e9d7ed669af794d5d133cdb019a8c8eef72046fb93a259be72f30efb9d0dc9751dc198ef78f329f91690255a9649b9a8ec126f3788e574720a0468c18d17ff3e6cd13efbefbee083b40b71d77dc7156a09e9292d2fd9ffffce7ea254b96ac0dd2d7b841a744933ff7e8f4bc099e4fd14946f1bf529e51ec3cc76ff9aa4efb4d5e5d6e82f913cdef2b4747ece5c8e24c07698e797f79dfa74ca76b9be914dc647e2365b6914ed5253a5593c6cd04eecdd5d1a9529dccbe404307a05c252424b4d68176b20eba1f35755e49623da9bfaed7ed7cd7534e3965c12fbffcb28b1cad384c77018ed551a79bcddff1eae81486feaae0d48ace2670fec6048432b2ddd36c23a3ac321ffd42134cbfac8e8edab65347203e9032000016d549444154a75dc49a20b0bd8fef11679ebf527946d89b9b6030dbbca754a6b5cdf7ba5d151c150e58809e9a9afacec08103233a76ece83bb3f4e3f7dd775fe4983163a6dc74d34dbd264d9a342bc05fa3adf93f4699fcbcd9c7369799e0dad9816aeff8ede4b79a669e8f339d289b6cf3b54e8bccef79953a3ae75c8e5ec8519313cc73198e60fd0e9dfed069b8f9ac74c7fe21ef753e450940798a8f8f4f888888f85f5e5e5e03fbb1c8c848195c53e79d779e6adbb6adaa5fbfbeaa53a78e3a70e080cacccc54ba8e578b172f56cb972f57478e1cb15fd645bf6e459f3e7dee4c4a4a7a9f9cad188ca4a3c42af148ba4d82eb06262893e06eb70988e34c206e9351569936b14679a6ad8c3081b2046ab926509391dee7d4d111ded6e6b999266094d7bd68fe4e359f6d07b9727f9f09f825c0ac6e02d60c7574bebb4c7b79d8f1fe810cd0fbeaca3bb1b000dd2623ea279d7452e4f7df7f7f7da74e9d56ac5ab5eaf7007e1519c991a30b3222feb64e7f29cf48b5dcdf6002ee1cd379c970bc6e80e940d537c1bd4c5b8a300175634700afccef1a677e4f391cbcca74806424fc52f39b38cf15686c82f3cf757a507946ece528c75d3a9de41800d9128cdf06007c04e857e900fd43b7db5dd30eceafbcf24a75d75d77a96eddbac9514f55af5e3d3959d4dabe5ab56a56b0dea2450b75fef9e7ab8b2eba48567b517ffcf1875cf8489936e7fad34f3f7dab6eeb9793c3e58fd55d8063d556474f0e2d6c745a82bf047574c43bce0480cd0b795d9409f05aaba323e1ad1d29cac7f64e1d1dc15faae37e400d1a34a8fbc68d1bad292e4505e8365d91abfbefbfbf7a5e5ede8c3e7dfa5c16e8bea1f93f37371d27c9b71847c0dcc5dc3aed33792ac17a3f7574a51ce9dc78cf159700ffdfa6631563eeb736b7b5bd827fbb23f7b6f90de456469a1295676ad44ad30158aa82707403007c04e832823e5307d7d6e06bb366cdd4b3cf3e2b278daa264d9a14eb3d64845db697d749e06ed3eff9a6aed3fb91cb04e94028186982ac141318da7fbfe2150866aaa3cbf6a59ba03dc504ecfe4e188c35c1a3538c2348cff6b1bd5247a7c4ec747420824246d0333333a7394f122d2e09d4870e1d5a2d2a2a6a868cea04f06b3d6af2c73e21b4adc947c9ef69e677f25ee5e5469357a7e9f496d9aeaf4ef395e748864ddeeb55479ecae7acf7d329b37fafdae6339579bf4ea613d0cefcddd374e00020a8640e7a6464e4ffec00bd5dbb766af8f0e10502ed9290d7c9eba53e7704eaafea40bd3db94d900e54247b2a84045c03946784768049edcd7d9b8c721fa78e4e9b986d82c9d34c30e98b9c30fa9a3a3abd659fd9d6ee08dceeb5bd7cc679e6b333d5d1f9ec760aa8c71f7fbc5f6a6aeaa4d204e8ce407dc8902131d5ab579f1ac0405d4efc7cd904c73d95ef0b0d35f6f1989c943b58a743e6f9e9262077ae892e01f932e539f957347204e04ef61c7319c94ff47a6ea509d67f337f4f331d0300086e201711f1963d075d46d075fd6b4d63298b9a356bca115567a05f5b46d4c96d8274a0a2c808a88c5ca79bc04d82e60c47003ddb6cf798b99500748a3aba6ca38cc47ea93c73cc73fc048d251d01b75776b13ffb3b132026fa0814cb1ca06fd9b265a2cc412f6d806e93293243870e0d54a02e01f5bbeae8099a9217d9e6f7b23b2bedbc5ed35aa7bb4da7678b57302d47449628cf8588ecdfe83493cf5d4d20ef6bdfe8666eed651e95e92cb4f7fa1ef6f79a60be070004852cb3a8037499aa67cd4197c0baac01ba3350bfe79e7bacf735ba30eda57c71e2284aac129f382aa3d60754c12927f3bcb691005e4e269411f075260094d7ed318fed524797dd6b699e2b6cad6c09603f29e479f9bc5926b86f6ddeef17e599a32dc1e454158065fe648acbe6cd9b2715e724d1e2929349dbb66d1bb568d1a2eb4e3bedb4657a5f595fcab792e5256515950f4d9ee798c058a6bdc81cf2549d6ae8b4d974aa24f096933fa799dfd30eb2e504dfbf4c9eca3cf21fcc7db1d504de72df7982d47af399128cff66dee3b079aeb1f96ee9669f91df5e46e4d79af4893a760a0e00e44b484878ecf4d34f6fd8b871e3f5a9a9a9253ec95cd641579e6516ad9344bb74e912d0ef27279a1e3e7c58fdf6db6ff6434d755dfe2ebf5cf97091052845a5325cdf0c93d82e393979383912dee42451ef39e8b22cd79d77de79ccb62fbdf4528193906409af5b6fbdf598ed5e79e515d5b06143ebefd5ab57ab175e78e1406e6e6e8fa4a4a439e43800e4b7a7d6322a6eb77b8fcbe5fa44a7c93939390ba74e9dbaafa8d7ca9544f3f2f252652eba8c764bfd6cd7bb8124edc1bdf7deeb5c9eb18d6efb53f9f5828fe92e4015e6ef245139cb5f827439dc995f594444a8d75e7badc0ebdf78e30d6b192f5b83060d54bf7efd0a341466d5979afaf5d3027c322900540a3a38afa76ffae980fb731d706fd2c1fbbbb24ad680010362fcbd4607f3dded9345e50868300274bb3df09a02d9935f8c201d407003f4fe859d247ac10517a8e38f3f3eff7e5e5e9edab871a35aba74a9755f0e7fca28b93dba121515a5ead6adab2ebbecd8d517a50179e0810764d59764027500289444db032460cfcecece30017bf7b8b8b828afc0fe42fbef73cf3d37a85fc8ebfd2fe42722480710dc00fd9da24e12bdfbeebb0b8ca61f3c7850bdf5d65b6aefdebd6ac28409d674179b6cf79ffffcc779925101679c7146753b500fc23aea005019d53201fb8cd8d8d8bf74dd99e41861ef646f74e2892706f54bb46eddda79b7133f4bf988220b80aae589279ee86307e8459d24aa1b056b64fcf3cf3fb702742181f9c8912355565656fe76b29ac0dffffef7221b0a09d4870e1d9a3b6ad4a8a4f8f8f81ba74c99329b5f04802fbd7af58ad59dfe98d2be5e07b6b12e972b2658df2fd8efef4303fd9972fd8584ec6c6b7d83fc134d654a4a3079bd7f63f64e82740001a603e41e9b376f7eef9e7bee29f62a2ed75f7fbdfae69b6ff2837499dea2dfc3be6cb4a722898a52bd7bf72ed6fbe9cfad3164c890bcd1a3477fa003f51b08d44337c809f720a81c8228b94e4230df3fb68cef1f1be2df2fa8e412f7e1fcfec5903f1b2250cb2efae33ca21acabf39413a70d4b084042eaa182e9a376fbe6bc78e1d634b7aa12299be226be58e1a354aeddfbfdf0e7ef29f9711965b6eb9c5bb122fd499679e59eb81071ed8f7c20b2f24eb7de863e559e6b0b481d809bab10c565d56d141124150780751281b7b79d38a7a7d51fb57baae7fcafafe038a53cd29cfa879a4d7e7e7e9cfb70275998218cc40dd39b53198790a8274043850270bc2a4b54b4f770f1e3cd8559a0b15c965a6659596c58b175b2790da64c5171dfcabce9d3b97f83d3b76ec58fbbcf3ce3bf8c30f3ff421100bd92027ac8320f3fa4355fcff1fb4ef171313939e989848c056060909098505e952d94a102e955ca4fe2d33f56f3a5f96698c8e8e9e939d9dbd5a3fde56369465128319a4cbfb3b64f0cb11a42374259205614546621fecd2a58bab2c571295a5157ffcf1c7028fc988fa75d75d57eaf7ecd3a74f8d3ffffc336bcb962d75f5dde74b13f0e8066b8bfe1e39c1c8b88a0e920882802a472e9656ddfc2d01baac972ed7979852a3468df9ba3ec87404f82bed207dc3860daa458b1641fb52a9a9a9cebb2bf99908d211a2cc450c869313e163c48811bfea00fb9df3cf3fbfd45714fde0830fac516be7541719499f356b963af5d4534bf59e3a38dfbe75ebd61afa7d2fe74247006005e81298cb15933fd51df5d9fe3aeaba2efe46d79dd69ae57294f3c20b83b732a2bcbfc337fc4c04e9000264d8b061131f79e49183e3c68d4bbaf7de7b234a3aa22e6ba2fff4d34f05a6ba88dcdc5cb569d3266bedf4924e7959b162c5f651a346d5d0efd977ca942904e800aa2c99caa26f5222222226464747a73847ccfd0670515133751d3c4efe5cb56a95dab56b57d0ae38ba6cd932199db1e7164ee3172b1f91640150352c58b0e0e78b2ebae8a76fbffdb6579b366d226479c5e29040fcc9279f2c3027d1390ffcd0a1435610afdfbbc0d5470ba383faed63c68cb10374567701502575e8d02157d7a7efc6c4c4dc3a595bb366cdda952b57166b8adbead5abb34e3ffdf40bf49f27ca114e39b279c6196704fc3bce9c3953fdfaebaf76a5bf303939791cbf1c413a80005bb468d1dab8b8b89f5252527ab56cd932c27945517fa64f9f2e1574fe95452510979345e56c7f7b645d96609475d33b752afa1a17ebd6ad4b7beeb9e7a2f56b59271d4095a683f26f75fa4907e6a53aaf4607e97bf58db5ccda1f7ffca1ce39e71c55af5ebd807dbf3ffffc53fdef7fffd37d00b715a4eb0ec5a3f27df9e5ca07571c05aa98f1e3c7cfac55ab56af975e7ae9c8f2e5cb0bdd363d3d5dcd9933a7c0f25b356ad4508f3efa6881950464f92fdd01b04e5e2a8c4c71193162443d5de1df42800e00659394943453dfa4c8df72d453d7ef567d1c0852efbff8e28bb9797979f9a3e8696969c9e47af961241da882962c59b2b65dbb763f2c5bb62ca155ab5691fe46d4478f1ead323232f247cc652df4db6ebbcdbab2a82459ed2527c7330024875bd7ae5dab2ebef862ebb0abaf005de6a0eb3f6f340d0b00a08c3a74e8202772f6932a5a02f475ebd6a9b3cf3e5b454747972940d701bf7bfdfaf57665becfe5725d3d7bf6ecbfc87182740041f6f3cf3f6f38f5d45397ea40bd67cb962da3bc03f5850b17aa6fbffdd69a736e6bdbb6adeadbb7aff57793264dd4c68d1b555a5a9a15a0cb288e4c7b918b1f9d7cf2c905decb39073d3939f963721f000263cd9a3599a79d76da9f3a88eeaeef46ecdcb9534ef4b456dd2acdd41799e2f2dc73cfe53a027499e6726b5252d257e436413a80f2abdcd79f72ca29cb162f5edcf3c4134f8cb24f26959344870d1b963f0fdd26d35c6ad7ae9d7f5f96739425186d070f1e54b2ca808ca6cbb4182123e812a0eb3fe37580fe19b90e0081f5f3cf3fafe9d0a1c39ffacfab24509711f5afbefacaaa935bb66c29d75c28f23da4de979344650e7a5656567e80ee76bb1fd675f7ffc8e5f2c7a5fa00a8debd7b778d8e8efe64d0a0413165b9e0913719411f3b76ac15a0b30e3a0004577c7cbc9c44faaacbe5aa6f3f2647376540e5dc73cfb5a629d6af5fdf3aa748a6b448602e172a9291779df20e1d3ae49cab28ebb5dfa303f4447296201d400804ea03070eac76f6d96797f9289b04e8e3c68dab9e9b9b7b1327890240f948484868ad83f437dd6e77d732bccd42fd1eb7272525ad25472b0ed35d0058648e7afbf6ed7f5cb26449af56ad5a45346bd6acd4ab3fd9535c58661100ca97cc51d7e9bd0e1d3afcac036db9ba514b55fcd5fc16ea342c3d3d7d082789563c46d20114d0a74f9fcb222323a70f193224ba53a74e25eec897d3141799182f17fcc8e1170300fffaf6eddb3c2f2fafa7dbedfea7be2b978696938f624c1d9aa1d34a9d64859869c9c9c9a9e418413a80100fd4232222a60d1e3c58a6be542feeeb1ccb2c3a03f4613a75f4daf4a0b41d65f88a593a5dafd3fc32bc872c033952a72541c8c2f63a0dd1e9ef3a1d673ee3079de4e4ab9d45bc365ea76f754a634f0480aa8be92e008e61567d59acf56ed5aa956ad6ac599175851da09b65169dabb83c266fa9d3a73aad3249ae58b7ae0c5ff1619da6e8b4a10cef916bbed7be0067df853a7dad932c7bf3884e639567b44a96473b64feef85493141fa06f644002048078002648eba04ea3ffef8a3cc513fa20375bf23eaebd6ad4b7bf6d967ebea3f6ff4b10efa4d3acd509e91ebb526ad7304b477aa8223e2ffd5a9b9d92e4aa77b75ba47a76b7592ab2afde615a48f3781ad3df5a58f4ea7e8f48bb97f864e4feb74834e72b877ab4e32d7f21613a4cb77e8ec153c5f66b65d65bec3833a0d32df4146b8b714927512603faed34b3aed519ea306f27f99ac932c91268798e528c203e6bbca68fb1f3aed92fcd3a9a74e8dcde7ef31aff1f71de4b557e8b4ccf17f8f7504f8721463bbe924f8fbcc6b743adffc5f7dfdff01543d52df5f6dea2e549008b200803f1f7ef8e17cb7dbdd6bdcb871aee5cb9767f9da46e6a08f183122466fd7b7902b899e6d82493b5d6a1e5f6082e491e6fe552610b5837679bf8b754ad24946e787f878efff9a20d676b1794fd14aa72f4d10ff9e0958af33cffd47794ea8daa43ca3ddcefa5082fadd7636e8d442a737ccf791d4decfffd39edef2969fe7edf76ca493746612cd630bcce74be7e5b0098e17a8a3535efc7d07e9b48c70bcbf740eee337f4b9e3caad3fa223e3355a7d15e79f88262ba0d10aeb2cc6080335d53c2f7a8a3d39b6465c58a220b001446e696f7eeddfbda3163c67c3468d0a0ac73ce39a7aefd9c4c71919344658a4b11abb8c85260a739eecbe8f25c1364cadcf29526987c42a74b94670aca3926e06e681a1931b5845fbfa369b06699f7f4753125198596d16a998ef291f28cbc1f67025af9fb54f31d6d32cadcc3d1b17092d7ed35ff2f5bbce36f999b2ea3dc2f99faf73cc9469d1ae8f4379d7e549e2931df383a2a457d873aa63352c304dca799f7eba43cf3e0ed230cfe3ed39e7ad45fa7b775fa97f29c543697bd1f085b8d55e153f9ea9a7a6a9f8fb8b089192c00413a80502723ea3a50bf7efcf8f11f0d1c3870f7b9e79edbc03907bd18cb2c3eaf3ca3bfbec888eded2690be451d1df93d51a7af1c01baf20a7e8b438272193197691ddf29cf5494513e1aa637cc761f99eff08679bc9df28cb66ff5da7eb29fcf3b6c8266a72bcc6d9c4e4f9a205d4e20bdce04d132a525c2348cbe0e2d17f51de4045d99aed2d67462d69a80be81c93f5b619f29cf0d3141faff99801e40e5e3d629d9d42b72746ebc63c0e166e5398a268305adc92a827400e117a84fefd2a5cb96850b17d62d66805e1c326f7d910990279a60fc90094e8ba396f23d6a24a3c8328546a67ac81498813a35339d02a749ca33e5e344f35d4e378f1f519ea9277f2fe6f7f8ca04bf329dc71e89ee6f6e3f7204ed7264a18da303d2a390f72cea3bc8e7c8c8faa9e65646c5659acb019d5e29e667ca74a2b126afaef6913f00c2cb46affbfdd5d12389cf2acf11b41394e71c9f9126607fced4233b4c07fe17b2b16231271d408902757d13bf60c10239b1333e4001bacc41af6d82d06c132c0af9acd6eae8fc7511efe3f56926381532ede34cc773325544a674ec3441b29c6cdac0c77b1c3081ba6c2317f3d8ea088065c4a99763db16a621f345bebfcc117f5779a69538ebda7ae6ef18d379b00f279f671eb36d350da42ae67748d1e902f37f94b9e672c4e034d329f9a6989f299da2d7747a5f79e6d3ef636f07c25a7b1384dbc979cd8a9f1c754d2df3f73fcc20c30e479d800ac6483a80129139ea03060c6890989898598297cdf0ba2ff3b6eb9a4052566ae9601ebfc1342072b855467765a593b7cdf63202bec404da4ec395e704271909dfae8e9e9c2964eac917a6e191291e8dcc7bfa229f232bcddcef15bc5f6d82eeb1e63d1a98efe98f8c4aed579ee93dd1e6354d4c302d01b44c7719ac3c73e5656efed7aae045999e37df453eef11f3d9857d071939afa90aced79fae3cd35fec867676119f29de519e73025e632f07c2de2155b279e5518a8bc301004a4182d0c22eaa24cffdad88d7d70cc077a8598ad71caf7c1fb594ef1be3e775117e9e2bebffa3b0cfbc55151c6d03109ea4335edbcf736e3ff765a06493e37517a9a3a3eaa8208ca4030807078a785e468cd695e1f581f80efe5ee3ef75857d5f1901cf0ec2ffa3b0cf94b5e81f6157032a850caffbbd9567c52a7fe49a119f28cff513640ae1cf64210000154f46e76f241b802a4fa62156271b0000000000000000000000000000000000000000000000000000000000000000000000000000000000000000000000000000000000000000000000000000000000000000000000000000000000000000000000000000000000000000000000000000000000000000000000000000000000000000000000000000000000000000000000000000000000000000000000000000000000000000000000000000000000000000000000000000000000000000000000000000000000000000000000000000002ac8ff03ee59689c527729ea0000000049454e44ae426082, NULL);
INSERT INTO `act_ge_bytearray` (`ID_`, `REV_`, `NAME_`, `DEPLOYMENT_ID_`, `BYTES_`, `GENERATED_`) VALUES
('c2deb635-2cce-11e7-b216-701a0445a273', 1, 'source-extra', NULL, 0x89504e470d0a1a0a0000000d49484452000002fa0000009e080600000043e5aeb0000000206348524d00007a26000080840000fa00000080e8000075300000ea6000003a98000017709cba513c0000000467414d410000b18e7cfb5193000000017352474200aece1ce900000006624b474400ff00ff00ffa0bda793000000097048597300000ec400000ec401952b0e1b000014ad4944415478daeddd0f9495659d07f077fe3033a20c44a0a361808b8995e9b6adb6c52ab912a9b9754eb6cc346c6bdb1fb6d3b6ab79b68e1d2c524cb6c5d66acb4a4d2cc0212ca534ffc039614b1e3401d99932c374008151116760804166eedde719eed5eb3883837367983b7c3ee7bce7def7f2de7b87e7fe79bfcf737feff32609000000000000000000000000000000000000000000000000000000000000000000000000000000000000000000000000000000000000000000000000000000000000000000000000000000000000000000001c198a3401c0cbd2e974c5534f3df5afadadad33f7ecd973caeeddbb2b52a99486e9ebcea6a8285d5e5efe7c5959d9c3fbf7ef9f3f65ca945f6b1500411f60408480ff2fdbb76fbfaeadad6d785555553272e4c864c48811497171b1c6e9a3d8590a9da764e7ce9d495353d38b1d1d1d8fedddbb77e6f4e9d31bb40e80a00fd06f366dda74e7934f3ef9a137bff9cdc909279c1047a0354a3fdaba756bd2d8d8b8379d4ed79c7beeb9cbb40840fe95680240c8df7467583e74eaa9a72663c78e15f20740fca564f4e8d1c39e7df6d90b67ce9c59ffe31ffff84f5a0540d007c89b58aed3d8d878790cf9959595affaf77dadcf244d7fb823697a6c59b2fda95f277b5e782a293ffad8a4b4bc52e3f5515959590cfbe54d4d4d17d4d6d6debd70e1c267b50a40fe283c058e58f1c0db58931fcb757a0af99bd7fe2869ddfe7892ea783149a7da933d3bfe9c6c5a7373d2b6738b06cc83a38f3e3a99306142aaa4a4e4db5a0340d007c88b38bb4e3cf036d6e47767c7c6ff4dda5fdcfdaadb63e8dffed44a0d9827e3c68d1b5d5a5a7af2f2e5cbdfad3500047d803e8b5368c6d9757aaac9df7b9051fb38da4ffe1c7becb14de1e2235a0240d007e8b3384f7e9c42b327e98efd3ddf396d6efd7c1a3366cc9bc2c5542d01903fa59a003852c59361c5d95f38fcc2eb707cb818ab2500f2c7883e70c48a27717232ac41b2333af03a187c0210f401fadfb0a3ded0e3bf9596fb250000411fa0208d7ef37b92d2b2a35f757bc9b0a392d1e3a7682000047d804274ccd85393a3c79cd2eded238e7d9b060240d00728541dfbf7beeab6f67dbb340c00823e40217a71f7739d67c06d7deeb157fddbeee737249b1eb9b1731b0010f4010a44cbd6b521e4df94ec79e1a91eb7d9d3bc31697cf886e4854d0f266973ea03300899ca0c20238ed03ff3a75f758ed8f746aae3c5ceed773df75872ec5b2e482a3aa7820780c1c1883e40461ca1ef6dc8cf1547fe37feee071a1000411f60308a23f4af573ad5ae0101185494ee00644c3e6fae460060c830a20f0000823e000020e8030000823e000020e8030000823e000008fa000080a00f000008fa000080a00f000008fa000020e86b02000010f4010000411f0000381c4a3501000085aeb6b6765c7b7bfb878b8a8ace09ab6784a52a2cc784a52d2c4de974fad1f06fbf2d2929a95bb468d1d3823e00000c623535351f0e179f4ba5526787205fd6cd2615619910fe6d42b8fc704747c77f555757af0ceb37df76db6d0b057d0000184442588fe1fdfbe9747afaebb8fbd470bfa9e1316685e0ff89a54b973e21e80300c0613663c68ceae2e2e2efa552a937646f2b292949defef6b727679d75563269d2a464d4a851c9881123923d7bf624cdcdcd49636363f2f0c30f276bd7ae4df6efdf9fbddb9470bf753535359f1d8aa3fb823e00008514f23f1842fec210f24bb201fffcf3cf4fdefffef72763c78e7dd5f6c3870fef5c4e38e184e43def794f67e8bffbeebb937beeb927e9e8e8889b1c934ea77f12c27e4508fb3709fa0083407575f5ec70f1c7a2a2a2866ddbb63db172e5ca76ad5298c2ebd739ca165ed33961b5352cdbbb6cd298bb125ef378605d5b76bda2a2a279c18205cd5a12867cc88f23f90bc3e7bf33e4c7f07ee9a59726279e7862af1f238ef4d7d6d626679f7d76f29def7c27d9bc7973e7ede1316f0c61bf6d288dec0bfa4021bb3af3e59c5455553d1f42627d0880abc34dbf0fcb23c27fe158bd7a75b26eddba78f5abbdd93ebee6b9dadada6227a1eb664dc981d936b25ed18108ef95f6f038719bec7b246efb4cce73b4c50e456fd73b3a3ada962e5ddae4d584fe116bf233e53a9d21ff94534e492ebffcf2cef29cd723760ee6cc99935c7ffdf5497d7d7df6737d4308fb8f84b0ff47411f60f078639239b82a7bc371c71dd71c760c8fc6d01f02d9faf06fabeaeaea1a35d5e0f3ee77bf3bd9b871630cfb5f0bab4787654c974d2674598fd3e655e484ee51e1351ed5cd36bdee2c74151eef90d663f94097ce465ba6b37128eb3a1ad08310f26fcad6e4c791fcbe84fcac58d2137f1188813f33b21fcb786e0c977f3b14daacc8db0628642158a50ff12e314cb5842ff22d175d74d13b3ffad18f6ac441e237bff94d326ddab4bced97c26b5b15c2776e67e098108c5fea4084c0501afebd2adc9e1df4aac8ed1c846dcbc3bfe5ae57e4ae77ddbe9bf5c34d4783c1f45d3d3b536679d7ebf9a5354ea119de7377643bd5d75e7bed2195ebbc9618f2afb8e28a6ccd7efcbcffe35028e131a20f14ac4b2eb9a422966c1ca218c62ac297f8716bd6ac4904fda1eb7087ceccfbb3c78ec26b751cf2d0d1e89c3bbccb9f35b9b77fbf5f34c8b3abe3af68c71d775c6b789fdc195ebb45edededabc26bd6dacbfb7f2e7b251e789bcf901fc5c7fbe0073f982c5bb62cfbfe9a152e047d80fe0848fbf6ed9b10434d26d8c4bacc91f132b3de795b0851157d789aeda79f7efa18ad4d7f59b060410cae8d5d6efee3407e8e74340ea9a3913dc87b5f4f9d899c6dda0eb68d4ec7415fd778a6da99a1dd6686eff5e64ce85f525e5ebe32f399799578c6db542af5beeceb1c837e7ff8c0073e90fcea57bfca4ebd39251e1350e8e59e823e30a0013e068f6c788f35d561199f1bdebb06f8eccefcb5eaa97b2b3c4e1cae99bd64c992864f7ef29369af0a3a1a3a1a39df0f07ed4cf4769b6e3a1d49f2ea83c38ff85f3832c7d55c12fef64bc27b657768b3a5e1b6655dcb7bdadbdb3f1c6eef3c00f7f4d34f4f468f1edd2f7f4f9c8de79def7c67f2d0430f656fba382cf3057d86a4f0c1aba8afafffa775ebd67d2c7ce8ced8ba75ebf09d3b7796c65289d2d2d2f4881123f6870fdb96cacaca07c3e6577fe94b5f7a5cab1db9013e7704be87003f2abbd3cfdd311e24c03765424a9c32b129338ab6312c71bd31ae5754543485c7dcdbcb3ff3aee2e2e22b172f5efca8570c7434bae9382499efaf8a9e3a1b19af38103ce9fed88cee6eebeef80da5542f3b3a1bfae32c6a353535cbc3faad71a43fbc8ee764373af3cc33fbf57d131f3f27e89f23e8332403fecf7ffef31fce9d3bb7e6f9e79f2f3df5d45393a953a776d6afc55e740857712abba25dbb76956ddebc79624343c3c4b56bd77eecb2cb2edbb47bf7eeb93ffce10f6fd28a43433c983174ea461d4a09cd6b8cc067772431b8376642fb33d9f5542ad51c96c643d93974336a169f3b5df4f25eeff6b0fab53882ef15051d8dc3f97d9a7b70f811584a7528de18fe6ff1ced599e3b05e3a8ded49279dd4afafd38409af68a2330afd7320e8f30aab57affee76baeb9e67b2d2d2de5f1031a7f228b1fd6ae62d88f4b3c035dfc99ebe31fff78d1faf5ebc7d7d5d57d7fd6ac5997efd8b1e3a210d69ed0a28337c087c01e43fba89c51f8f171243e5c9f90d939748e5a65037b2f027c63f2f2c87b731c7d8fd733233c8dedededcd03f033722a2cc599907f7bf8ff5d63041f180c7af8fe3b924aa9fa6258f64a2cafe94f5d1ebfe08fe312f4c986b7d25ffce217f72f58b0e07d175e7861e7812edd05fc83899d82b094dc77df7d937ffad39ffedf673ef3997f33ba3f7072ebdf33013e1bd88f4b32a53399cbaa9cd7fdb5427cdc31bd543a13037b2a956a4932a53371292f2f6fece900aac3a03806fcb0fc67e8743ee25d0170c0e1fe85e3754c85dcadbece9bff5ae2bcfa5d3a2b823e851ff21f78e0810757ac58f1d75ff8c21792934f3eb94f8f377dfaf464f2e4c947cd9b37efdb9ffad4a7ca6fbae9a6ef6ae5fc04f8a4e703585f51ffde8b03577b55ff3e88027c6f08f80085994372cb2de37a73585d11a7e02c2f2fbf37ecdf9e0b37c7d97a925dbb76f56bd8dfb3674fee6a5ba1b7ada04f1247f263c8bff2ca2b3b4b71f261fcf8f1c955575d75d4ecd9b3e7d5d4d4b40c85934ee4dba1d6bff7e200d697eadf33013e06f93ed5bf17c80ee28a7071971a7c808212cf4c5592d9bfc51d5c9c4fffdeb02c39eaa8a3562c58b0a039bb61757575dc6f4d8ad79b9b9bfb35e8c7c7cfb15dd0a7a0c59afc58ae1347f2f315f2b3e2e37df9cb5f3ee62b5ff9ca7742d87f2484fd3f1e096d9a0df0d9c09ea7faf7571cc07a98eadf07a510f0e7f92403149c924cb88fbfc6de5d515171d7417e457e341bf49f7cf2c9bc9f2c2b57636363d7e715f4294c71769dabafbefa865893dfd7729d9ec491fd193366942f5ebcf896b0fa37851ee0730e60cd06f66eebdf7303fb10aa7f0780be668fb8df5b19f6a5b7664e92d5dc8bfb3c10f689714efbe4e1871f4ece39e79c7efbfbe2e3e77840d0a760dd79e79d37c72932634d7d7fbae0820b8ebafbeebb27d6d4d4cc1c6c253cbdad7f4fba3980f520724b67864afd3b00f4c595f157e9b0ffbbfd50f77fa5a5a577767474fc77bcba7efdfa64c78e1dfd72d2ac58b6b366cd9ab8937f697a66419f42ed5157cc9d3bf71fe2149ac3860debf7e79b356bd61bbef18d6f7c2e5c1d90a01f02fca8ddbb778f095f0e5599f299497dac7fcf06f8c6e408aa7f07807ca8abab9bfb7aefbb68d1a2a76b6a6a5686fdf37921f027f7dc734f525b5b9bf7bff1de7bef8d67e1cd068255e16f6e14f42948f18cb7cf3efb6c699c127320bce31def282b2f2f9f183a1613faf2c1091ff431e1431847dd6309cdb84cfdfb1b930323ef71bedbce601f02fca8383d686e0dbcfa770028587106bff3e29518f4cf3efbecbcd6ea6fdebc39f9e52f7ff9d2687ec8003f180a8d26e81fa1d6ad5bf7b19e4e86d55f4e3bedb4a6871e7a28d6d8cdef2ec0c7baf7f0c11a937b006b26bcc7655c726034be34f76fee7a26be9c501fa7e6da9e13e29f50ff0e0085e9b6db6ebbb3baba7a65b83a358eea5f7ffdf5c99c3973f232034f9c52f35bdffa5647c809d980b16adbb66d75823e052bbc81cf983a75ea803ee7a44993c686a0ffe9f041fd8b9c9af8ec287ce77bb1eb2c345d65027cb674e6e918e2c36dcf7709f04dbd39b8070028289f08cbefc23266ebd6adc975d75d975c7ef9e57d0afb31e4874e437acb962dd990df1ab2c4a757ae5cd92ee853b0c20764789c1167203df3cc33f1a0d613c2f2966e827c6b08ec4f64427c36c06f0c97db8dc00300b1f477c68c199f0f99e02731c33efef8e39da3fa975e7ae9eb2ae389e53a71243f27e4c781c6cf0ea5e9c005fd23d4ce9d3b4b478d1a35a0cf79eeb9e70e5fbe7c79ec215f961c380985196800805e5bb264495d7575759c48e3c69863e3c8fe15575c919c7ffef9499c2ebc37d926ceae130fbc8d35f939e53a9d27600c9d892175824f41ff08d5d6d69684803da0cf3971e2c4d8532e0d1fa2fff10a0000af47c8110b66cc981107086f88d362c79afdbbeebaabf320dd78fce199679e999c74d2499da13f96f5c4f29c18eee3c9b0d6ac591397d4be7dfb8a9397a7d18c27eefa7ce8442c186a6d25e81fa1cacbcbd321ec170d64d8dfbb776f9c8e72a4d60700fa2233b2bf3a04fd1be3b49bf1b618f8d7ae5ddbb9bc86e29cebab624dfe502ad711f4492a2b2bf787de6d595555d5803d6778be38ebcd7ead0f00f45566baee6921f05f1cc2faac10f8a71e42b65d15969b9b9a9a160e95036f057d5e326ad4a84d1b376e9c349041bfbebefecfb1c3adf501803c06fe7806dbdb6b6b6bc7a552a98b43e07f6f587f5772e0e498b1742196f9c463031f0dcb0371dba170322c419f1e5556563ed0d0d030e9acb3ce1ab0e77cf0c107d3990f1800405ec533e8868beb330bc92b6b943882b4b4b45cfbe8a38fa6623ddb0069dbb061c3e4d88bd6fa0000823efd64eedcb97f2e2b2b7b6afdfaf503f27cf7df7fffcf52a9d4d623e5a7320000419fc3a6a5a5e58ac58b17b70fc0a87ef3adb7defad6a2a2a21f68750000419f7e76f3cd372f6d6d6d7d2cce3bdb9fe6cf9f1f47f3776fdbb6ad4eab030008fa0c80969696bfbfe38e3bf66ed8b0a15f1ebfbebefe176bd6acb930ce513b94a7afa240bf008b8be3591135c420105e878de1c2770480a04fbec49af9175f7cf1d3d75d77dd9ee79e7b2eaf8fbd65cb96dfce9b37ef8c10f2ff63a89e8882c2565151f1ecae5dbb34c420f0c20b2f342407a6be0340d0275f162e5cb8a8b5b5f5f3b367cf6ecdd7c87e1cc9ffe217bf78624747c70d21e42fd4ca0c46c3860d5bd5d2d2a2210681a6a6a69de162a5960010f4c9b3458b16fd28049e4f5f75d5553b972d5bb6bb0f07e8367ff39bdf5cf0f5af7ffdcc542af5d5254b96ccd3ba0c566d6d6ddfd8b66ddbfe743aad310eafc61d3b769c1e2e7fa62900f2a7441390f5fbdfffbee1ad6f7d6bdd1ffef087bf5ab162c5f037bde94d25c71f7ffcb0de66a6e5cb97df3e67ce9ce4e9a79fae2c2a2afa485d5ddd0aadca6076cb2db76cb9e4924b3e545c5c7c426565a506394c1a1a1a96eeddbbb774dab469d76a0d80fc71665c5e2133cffddf5557575f3c7ffefccf9695959d3679f2e4e7a64c9972ccc48913cb468f1e5d55515191849df233cdcdcd2da153b061d5aa55251b366c38a5a3a3635cb8ef779b9a9a163af09642d1d6d636b3b1b171cd881123860bfb032f7c8f2cdbb163c745a9546a9ad600c8af224dc0c1d4d6d68e0b3be08bd3e9f47bc3eabbc25215968a988fc2b23d3970f0dc0361b9ddc9b028542b56ac38afb4b4f4f6b7bded6d2385fd810df9f5f5f5a785abff7ede79e7dda54500047d807e09fbe1e267e3c78f6f3ff1c413471715f97aec478d0d0d0dcbe3487e9c7a57c80710f401fad57df7dd37b9b8b8f85ba5a5a57f3976ecd8a7c78c1973fcc89123abc26d1aa78fe23cf9710acd38bb4e3cf0369d4e6f0db75d367dfaf406ad0320e8030c88fbefbf3f9effe123e1ead4e440c95a8556e9b378dc4e2cf55b19969f4d9b366db526010000000000000000000000000000000000000000000000000000000000000000000000000000000000000000000000000000000000000000000000000000000000000000000000000000000000000000000000000000000000000000000000000000000000000000000000000000000000000000000000000000000000000000000000000000000000000000000000000006dcff03cff6d384272a87400000000049454e44ae426082, NULL);

-- --------------------------------------------------------

--
-- 表的结构 `act_ge_property`
--

CREATE TABLE IF NOT EXISTS `act_ge_property` (
  `NAME_` varchar(64) COLLATE utf8_bin NOT NULL,
  `VALUE_` varchar(300) COLLATE utf8_bin DEFAULT NULL,
  `REV_` int(11) DEFAULT NULL,
  PRIMARY KEY (`NAME_`)
) ENGINE=InnoDB DEFAULT CHARSET=utf8 COLLATE=utf8_bin;

--
-- 转存表中的数据 `act_ge_property`
--

INSERT INTO `act_ge_property` (`NAME_`, `VALUE_`, `REV_`) VALUES
('next.dbid', '1', 1),
('schema.history', 'create(5.18.0.1)', 1),
('schema.version', '5.18.0.1', 1);

-- --------------------------------------------------------

--
-- 表的结构 `act_hi_actinst`
--

CREATE TABLE IF NOT EXISTS `act_hi_actinst` (
  `ID_` varchar(64) COLLATE utf8_bin NOT NULL,
  `PROC_DEF_ID_` varchar(64) COLLATE utf8_bin NOT NULL,
  `PROC_INST_ID_` varchar(64) COLLATE utf8_bin NOT NULL,
  `EXECUTION_ID_` varchar(64) COLLATE utf8_bin NOT NULL,
  `ACT_ID_` varchar(255) COLLATE utf8_bin NOT NULL,
  `TASK_ID_` varchar(64) COLLATE utf8_bin DEFAULT NULL,
  `CALL_PROC_INST_ID_` varchar(64) COLLATE utf8_bin DEFAULT NULL,
  `ACT_NAME_` varchar(255) COLLATE utf8_bin DEFAULT NULL,
  `ACT_TYPE_` varchar(255) COLLATE utf8_bin NOT NULL,
  `ASSIGNEE_` varchar(255) COLLATE utf8_bin DEFAULT NULL,
  `START_TIME_` datetime(3) NOT NULL,
  `END_TIME_` datetime(3) DEFAULT NULL,
  `DURATION_` bigint(20) DEFAULT NULL,
  `TENANT_ID_` varchar(255) COLLATE utf8_bin DEFAULT '',
  PRIMARY KEY (`ID_`),
  KEY `ACT_IDX_HI_ACT_INST_START` (`START_TIME_`),
  KEY `ACT_IDX_HI_ACT_INST_END` (`END_TIME_`),
  KEY `ACT_IDX_HI_ACT_INST_PROCINST` (`PROC_INST_ID_`,`ACT_ID_`),
  KEY `ACT_IDX_HI_ACT_INST_EXEC` (`EXECUTION_ID_`,`ACT_ID_`)
) ENGINE=InnoDB DEFAULT CHARSET=utf8 COLLATE=utf8_bin;

--
-- 转存表中的数据 `act_hi_actinst`
--

INSERT INTO `act_hi_actinst` (`ID_`, `PROC_DEF_ID_`, `PROC_INST_ID_`, `EXECUTION_ID_`, `ACT_ID_`, `TASK_ID_`, `CALL_PROC_INST_ID_`, `ACT_NAME_`, `ACT_TYPE_`, `ASSIGNEE_`, `START_TIME_`, `END_TIME_`, `DURATION_`, `TENANT_ID_`) VALUES
('00fc799b-49d4-11e7-ac81-fcaa14cc3198', 'leave:1:30b0b27e-3e79-11e6-a463-408d5c90f72f', 'cc6c1564-3e80-11e6-a7d8-408d5c90f72f', 'cc6c1564-3e80-11e6-a7d8-408d5c90f72f', 'exclusivegateway5', NULL, NULL, 'Exclusive Gateway', 'exclusiveGateway', NULL, '2017-06-05 17:47:35.653', '2017-06-05 17:47:35.663', 10, ''),
('00fe003c-49d4-11e7-ac81-fcaa14cc3198', 'leave:1:30b0b27e-3e79-11e6-a463-408d5c90f72f', 'cc6c1564-3e80-11e6-a7d8-408d5c90f72f', 'cc6c1564-3e80-11e6-a7d8-408d5c90f72f', 'hrAudit', '00fe274d-49d4-11e7-ac81-fcaa14cc3198', NULL, '人事审批', 'userTask', 'demo', '2017-06-05 17:47:35.664', '2017-06-05 17:52:29.330', 293666, ''),
('1fa88247-3e7d-11e6-8440-408d5c90f72f', 'leave:1:30b0b27e-3e79-11e6-a463-408d5c90f72f', '1fa09304-3e7d-11e6-8440-408d5c90f72f', '1fa09304-3e7d-11e6-8440-408d5c90f72f', 'startevent1', NULL, NULL, 'Start', 'startEvent', NULL, '2016-06-30 12:43:00.435', '2016-06-30 12:43:00.444', 9, ''),
('1faa08e8-3e7d-11e6-8440-408d5c90f72f', 'leave:1:30b0b27e-3e79-11e6-a463-408d5c90f72f', '1fa09304-3e7d-11e6-8440-408d5c90f72f', '1fa09304-3e7d-11e6-8440-408d5c90f72f', 'deptLeaderAudit', '1faa08e9-3e7d-11e6-8440-408d5c90f72f', NULL, '部门领导审批', 'userTask', 'admin', '2016-06-30 12:43:00.445', '2016-06-30 18:00:35.938', 19055493, ''),
('25b76273-3e80-11e6-851a-408d5c90f72f', 'leave:1:30b0b27e-3e79-11e6-a463-408d5c90f72f', '25b629f0-3e80-11e6-851a-408d5c90f72f', '25b629f0-3e80-11e6-851a-408d5c90f72f', 'startevent1', NULL, NULL, 'Start', 'startEvent', NULL, '2016-06-30 13:04:39.089', '2016-06-30 13:04:39.102', 13, ''),
('25b98554-3e80-11e6-851a-408d5c90f72f', 'leave:1:30b0b27e-3e79-11e6-a463-408d5c90f72f', '25b629f0-3e80-11e6-851a-408d5c90f72f', '25b629f0-3e80-11e6-851a-408d5c90f72f', 'deptLeaderAudit', '25b98555-3e80-11e6-851a-408d5c90f72f', NULL, '部门领导审批', 'userTask', 'admin', '2016-06-30 13:04:39.103', '2016-06-30 18:00:40.492', 17761389, ''),
('25c1319e-3e81-11e6-a7d8-408d5c90f72f', 'leave:1:30b0b27e-3e79-11e6-a463-408d5c90f72f', '25c0473b-3e81-11e6-a7d8-408d5c90f72f', '25c0473b-3e81-11e6-a7d8-408d5c90f72f', 'startevent1', NULL, NULL, 'Start', 'startEvent', NULL, '2016-06-30 13:11:48.650', '2016-06-30 13:11:48.651', 1, ''),
('25c17fbf-3e81-11e6-a7d8-408d5c90f72f', 'leave:1:30b0b27e-3e79-11e6-a463-408d5c90f72f', '25c0473b-3e81-11e6-a7d8-408d5c90f72f', '25c0473b-3e81-11e6-a7d8-408d5c90f72f', 'deptLeaderAudit', '25c17fc0-3e81-11e6-a7d8-408d5c90f72f', NULL, '部门领导审批', 'userTask', 'admin', '2016-06-30 13:11:48.652', '2017-05-03 20:44:06.187', 26551937535, ''),
('31cdf839-2ffe-11e7-990a-fcaa14cc3198', 'leave:1:30b0b27e-3e79-11e6-a463-408d5c90f72f', '25c0473b-3e81-11e6-a7d8-408d5c90f72f', '25c0473b-3e81-11e6-a7d8-408d5c90f72f', 'exclusivegateway5', NULL, NULL, 'Exclusive Gateway', 'exclusiveGateway', NULL, '2017-05-03 20:44:06.187', '2017-05-03 20:44:06.192', 5, ''),
('31cebb8a-2ffe-11e7-990a-fcaa14cc3198', 'leave:1:30b0b27e-3e79-11e6-a463-408d5c90f72f', '25c0473b-3e81-11e6-a7d8-408d5c90f72f', '25c0473b-3e81-11e6-a7d8-408d5c90f72f', 'hrAudit', '31cee29b-2ffe-11e7-990a-fcaa14cc3198', NULL, '人事审批', 'userTask', NULL, '2017-05-03 20:44:06.193', NULL, NULL, ''),
('3d43cee7-3e92-11e6-bf16-408d5c90f72f', 'leave:1:30b0b27e-3e79-11e6-a463-408d5c90f72f', '3d42bd74-3e92-11e6-bf16-408d5c90f72f', '3d42bd74-3e92-11e6-bf16-408d5c90f72f', 'startevent1', NULL, NULL, 'Start', 'startEvent', NULL, '2016-06-30 15:14:09.538', '2016-06-30 15:14:09.549', 11, ''),
('3d45a3a8-3e92-11e6-bf16-408d5c90f72f', 'leave:1:30b0b27e-3e79-11e6-a463-408d5c90f72f', '3d42bd74-3e92-11e6-bf16-408d5c90f72f', '3d42bd74-3e92-11e6-bf16-408d5c90f72f', 'deptLeaderAudit', '3d45a3a9-3e92-11e6-bf16-408d5c90f72f', NULL, '部门领导审批', 'userTask', 'admin', '2016-06-30 15:14:09.550', '2016-06-30 18:01:15.913', 10026363, ''),
('4d09748a-3e80-11e6-851a-408d5c90f72f', 'leave:1:30b0b27e-3e79-11e6-a463-408d5c90f72f', '4d06dc77-3e80-11e6-851a-408d5c90f72f', '4d06dc77-3e80-11e6-851a-408d5c90f72f', 'startevent1', NULL, NULL, 'Start', 'startEvent', NULL, '2016-06-30 13:05:45.059', '2016-06-30 13:05:45.062', 3, ''),
('4d0a5eeb-3e80-11e6-851a-408d5c90f72f', 'leave:1:30b0b27e-3e79-11e6-a463-408d5c90f72f', '4d06dc77-3e80-11e6-851a-408d5c90f72f', '4d06dc77-3e80-11e6-851a-408d5c90f72f', 'deptLeaderAudit', '4d0a85fc-3e80-11e6-851a-408d5c90f72f', NULL, '部门领导审批', 'userTask', 'admin', '2016-06-30 13:05:45.064', NULL, NULL, ''),
('7d9fabb7-3ea9-11e6-a116-408d5c90f72f', 'leave:1:30b0b27e-3e79-11e6-a463-408d5c90f72f', '1fa09304-3e7d-11e6-8440-408d5c90f72f', '1fa09304-3e7d-11e6-8440-408d5c90f72f', 'exclusivegateway5', NULL, NULL, 'Exclusive Gateway', 'exclusiveGateway', NULL, '2016-06-30 18:00:35.939', '2016-06-30 18:00:35.946', 7, ''),
('7da0e438-3ea9-11e6-a116-408d5c90f72f', 'leave:1:30b0b27e-3e79-11e6-a463-408d5c90f72f', '1fa09304-3e7d-11e6-8440-408d5c90f72f', '1fa09304-3e7d-11e6-8440-408d5c90f72f', 'hrAudit', '7da0e439-3ea9-11e6-a116-408d5c90f72f', NULL, '人事审批', 'userTask', 'admin', '2016-06-30 18:00:35.947', NULL, NULL, ''),
('8056b56c-3ea9-11e6-a116-408d5c90f72f', 'leave:1:30b0b27e-3e79-11e6-a463-408d5c90f72f', '25b629f0-3e80-11e6-851a-408d5c90f72f', '25b629f0-3e80-11e6-851a-408d5c90f72f', 'exclusivegateway5', NULL, NULL, 'Exclusive Gateway', 'exclusiveGateway', NULL, '2016-06-30 18:00:40.494', '2016-06-30 18:00:40.496', 2, ''),
('8057038d-3ea9-11e6-a116-408d5c90f72f', 'leave:1:30b0b27e-3e79-11e6-a463-408d5c90f72f', '25b629f0-3e80-11e6-851a-408d5c90f72f', '25b629f0-3e80-11e6-851a-408d5c90f72f', 'hrAudit', '8057038e-3ea9-11e6-a116-408d5c90f72f', NULL, '人事审批', 'userTask', 'admin', '2016-06-30 18:00:40.496', NULL, NULL, ''),
('922d8301-3ea9-11e6-a116-408d5c90f72f', 'leave:1:30b0b27e-3e79-11e6-a463-408d5c90f72f', 'd83e508b-3e7f-11e6-8440-408d5c90f72f', 'd83e508b-3e7f-11e6-8440-408d5c90f72f', 'exclusivegateway5', NULL, NULL, 'Exclusive Gateway', 'exclusiveGateway', NULL, '2016-06-30 18:01:10.423', '2016-06-30 18:01:10.424', 1, ''),
('922daa12-3ea9-11e6-a116-408d5c90f72f', 'leave:1:30b0b27e-3e79-11e6-a463-408d5c90f72f', 'd83e508b-3e7f-11e6-8440-408d5c90f72f', 'd83e508b-3e7f-11e6-8440-408d5c90f72f', 'hrAudit', '922dd123-3ea9-11e6-a116-408d5c90f72f', NULL, '人事审批', 'userTask', 'demo', '2016-06-30 18:01:10.424', NULL, NULL, ''),
('95733826-3ea9-11e6-a116-408d5c90f72f', 'leave:1:30b0b27e-3e79-11e6-a463-408d5c90f72f', '3d42bd74-3e92-11e6-bf16-408d5c90f72f', '3d42bd74-3e92-11e6-bf16-408d5c90f72f', 'exclusivegateway5', NULL, NULL, 'Exclusive Gateway', 'exclusiveGateway', NULL, '2016-06-30 18:01:15.913', '2016-06-30 18:01:15.914', 1, ''),
('95735f37-3ea9-11e6-a116-408d5c90f72f', 'leave:1:30b0b27e-3e79-11e6-a463-408d5c90f72f', '3d42bd74-3e92-11e6-bf16-408d5c90f72f', '3d42bd74-3e92-11e6-bf16-408d5c90f72f', 'hrAudit', '95735f38-3ea9-11e6-a116-408d5c90f72f', NULL, '人事审批', 'userTask', NULL, '2016-06-30 18:01:15.914', NULL, NULL, ''),
('b0080774-49d4-11e7-ac81-fcaa14cc3198', 'leave:1:30b0b27e-3e79-11e6-a463-408d5c90f72f', 'cc6c1564-3e80-11e6-a7d8-408d5c90f72f', 'cc6c1564-3e80-11e6-a7d8-408d5c90f72f', 'exclusivegateway6', NULL, NULL, 'Exclusive Gateway', 'exclusiveGateway', NULL, '2017-06-05 17:52:29.330', '2017-06-05 17:52:29.330', 0, ''),
('b0080775-49d4-11e7-ac81-fcaa14cc3198', 'leave:1:30b0b27e-3e79-11e6-a463-408d5c90f72f', 'cc6c1564-3e80-11e6-a7d8-408d5c90f72f', 'cc6c1564-3e80-11e6-a7d8-408d5c90f72f', 'reportBack', 'b0082e86-49d4-11e7-ac81-fcaa14cc3198', NULL, '销假', 'userTask', 'admin', '2017-06-05 17:52:29.331', NULL, NULL, ''),
('cc6e1137-3e80-11e6-a7d8-408d5c90f72f', 'leave:1:30b0b27e-3e79-11e6-a463-408d5c90f72f', 'cc6c1564-3e80-11e6-a7d8-408d5c90f72f', 'cc6c1564-3e80-11e6-a7d8-408d5c90f72f', 'startevent1', NULL, NULL, 'Start', 'startEvent', NULL, '2016-06-30 13:09:18.788', '2016-06-30 13:09:18.800', 12, ''),
('cc700d08-3e80-11e6-a7d8-408d5c90f72f', 'leave:1:30b0b27e-3e79-11e6-a463-408d5c90f72f', 'cc6c1564-3e80-11e6-a7d8-408d5c90f72f', 'cc6c1564-3e80-11e6-a7d8-408d5c90f72f', 'deptLeaderAudit', 'cc700d09-3e80-11e6-a7d8-408d5c90f72f', NULL, '部门领导审批', 'userTask', 'admin', '2016-06-30 13:09:18.801', '2017-06-05 17:47:35.653', 29392696852, ''),
('d840e89e-3e7f-11e6-8440-408d5c90f72f', 'leave:1:30b0b27e-3e79-11e6-a463-408d5c90f72f', 'd83e508b-3e7f-11e6-8440-408d5c90f72f', 'd83e508b-3e7f-11e6-8440-408d5c90f72f', 'startevent1', NULL, NULL, 'Start', 'startEvent', NULL, '2016-06-30 13:02:29.128', '2016-06-30 13:02:29.133', 5, ''),
('d842211f-3e7f-11e6-8440-408d5c90f72f', 'leave:1:30b0b27e-3e79-11e6-a463-408d5c90f72f', 'd83e508b-3e7f-11e6-8440-408d5c90f72f', 'd83e508b-3e7f-11e6-8440-408d5c90f72f', 'deptLeaderAudit', 'd8426f40-3e7f-11e6-8440-408d5c90f72f', NULL, '部门领导审批', 'userTask', 'admin', '2016-06-30 13:02:29.136', '2016-06-30 18:01:10.422', 17921286, '');

-- --------------------------------------------------------

--
-- 表的结构 `act_hi_attachment`
--

CREATE TABLE IF NOT EXISTS `act_hi_attachment` (
  `ID_` varchar(64) COLLATE utf8_bin NOT NULL,
  `REV_` int(11) DEFAULT NULL,
  `USER_ID_` varchar(255) COLLATE utf8_bin DEFAULT NULL,
  `NAME_` varchar(255) COLLATE utf8_bin DEFAULT NULL,
  `DESCRIPTION_` varchar(4000) COLLATE utf8_bin DEFAULT NULL,
  `TYPE_` varchar(255) COLLATE utf8_bin DEFAULT NULL,
  `TASK_ID_` varchar(64) COLLATE utf8_bin DEFAULT NULL,
  `PROC_INST_ID_` varchar(64) COLLATE utf8_bin DEFAULT NULL,
  `URL_` varchar(4000) COLLATE utf8_bin DEFAULT NULL,
  `CONTENT_ID_` varchar(64) COLLATE utf8_bin DEFAULT NULL,
  `TIME_` datetime(3) DEFAULT NULL,
  PRIMARY KEY (`ID_`)
) ENGINE=InnoDB DEFAULT CHARSET=utf8 COLLATE=utf8_bin;

-- --------------------------------------------------------

--
-- 表的结构 `act_hi_comment`
--

CREATE TABLE IF NOT EXISTS `act_hi_comment` (
  `ID_` varchar(64) COLLATE utf8_bin NOT NULL,
  `TYPE_` varchar(255) COLLATE utf8_bin DEFAULT NULL,
  `TIME_` datetime(3) NOT NULL,
  `USER_ID_` varchar(255) COLLATE utf8_bin DEFAULT NULL,
  `TASK_ID_` varchar(64) COLLATE utf8_bin DEFAULT NULL,
  `PROC_INST_ID_` varchar(64) COLLATE utf8_bin DEFAULT NULL,
  `ACTION_` varchar(255) COLLATE utf8_bin DEFAULT NULL,
  `MESSAGE_` varchar(4000) COLLATE utf8_bin DEFAULT NULL,
  `FULL_MSG_` longblob,
  PRIMARY KEY (`ID_`)
) ENGINE=InnoDB DEFAULT CHARSET=utf8 COLLATE=utf8_bin;

-- --------------------------------------------------------

--
-- 表的结构 `act_hi_detail`
--

CREATE TABLE IF NOT EXISTS `act_hi_detail` (
  `ID_` varchar(64) COLLATE utf8_bin NOT NULL,
  `TYPE_` varchar(255) COLLATE utf8_bin NOT NULL,
  `PROC_INST_ID_` varchar(64) COLLATE utf8_bin DEFAULT NULL,
  `EXECUTION_ID_` varchar(64) COLLATE utf8_bin DEFAULT NULL,
  `TASK_ID_` varchar(64) COLLATE utf8_bin DEFAULT NULL,
  `ACT_INST_ID_` varchar(64) COLLATE utf8_bin DEFAULT NULL,
  `NAME_` varchar(255) COLLATE utf8_bin NOT NULL,
  `VAR_TYPE_` varchar(255) COLLATE utf8_bin DEFAULT NULL,
  `REV_` int(11) DEFAULT NULL,
  `TIME_` datetime(3) NOT NULL,
  `BYTEARRAY_ID_` varchar(64) COLLATE utf8_bin DEFAULT NULL,
  `DOUBLE_` double DEFAULT NULL,
  `LONG_` bigint(20) DEFAULT NULL,
  `TEXT_` varchar(4000) COLLATE utf8_bin DEFAULT NULL,
  `TEXT2_` varchar(4000) COLLATE utf8_bin DEFAULT NULL,
  PRIMARY KEY (`ID_`),
  KEY `ACT_IDX_HI_DETAIL_PROC_INST` (`PROC_INST_ID_`),
  KEY `ACT_IDX_HI_DETAIL_ACT_INST` (`ACT_INST_ID_`),
  KEY `ACT_IDX_HI_DETAIL_TIME` (`TIME_`),
  KEY `ACT_IDX_HI_DETAIL_NAME` (`NAME_`),
  KEY `ACT_IDX_HI_DETAIL_TASK_ID` (`TASK_ID_`)
) ENGINE=InnoDB DEFAULT CHARSET=utf8 COLLATE=utf8_bin;

-- --------------------------------------------------------

--
-- 表的结构 `act_hi_identitylink`
--

CREATE TABLE IF NOT EXISTS `act_hi_identitylink` (
  `ID_` varchar(64) COLLATE utf8_bin NOT NULL,
  `GROUP_ID_` varchar(255) COLLATE utf8_bin DEFAULT NULL,
  `TYPE_` varchar(255) COLLATE utf8_bin DEFAULT NULL,
  `USER_ID_` varchar(255) COLLATE utf8_bin DEFAULT NULL,
  `TASK_ID_` varchar(64) COLLATE utf8_bin DEFAULT NULL,
  `PROC_INST_ID_` varchar(64) COLLATE utf8_bin DEFAULT NULL,
  PRIMARY KEY (`ID_`),
  KEY `ACT_IDX_HI_IDENT_LNK_USER` (`USER_ID_`),
  KEY `ACT_IDX_HI_IDENT_LNK_TASK` (`TASK_ID_`),
  KEY `ACT_IDX_HI_IDENT_LNK_PROCINST` (`PROC_INST_ID_`)
) ENGINE=InnoDB DEFAULT CHARSET=utf8 COLLATE=utf8_bin;

--
-- 转存表中的数据 `act_hi_identitylink`
--

INSERT INTO `act_hi_identitylink` (`ID_`, `GROUP_ID_`, `TYPE_`, `USER_ID_`, `TASK_ID_`, `PROC_INST_ID_`) VALUES
('00fe4e5e-49d4-11e7-ac81-fcaa14cc3198', 'hr', 'candidate', NULL, '00fe274d-49d4-11e7-ac81-fcaa14cc3198', NULL),
('1fa88246-3e7d-11e6-8440-408d5c90f72f', NULL, 'starter', 'admin', NULL, '1fa09304-3e7d-11e6-8440-408d5c90f72f'),
('1faaa52a-3e7d-11e6-8440-408d5c90f72f', 'deptLeader', 'candidate', NULL, '1faa08e9-3e7d-11e6-8440-408d5c90f72f', NULL),
('25b76272-3e80-11e6-851a-408d5c90f72f', NULL, 'starter', 'admin', NULL, '25b629f0-3e80-11e6-851a-408d5c90f72f'),
('25ba48a6-3e80-11e6-851a-408d5c90f72f', 'deptLeader', 'candidate', NULL, '25b98555-3e80-11e6-851a-408d5c90f72f', NULL),
('25c10a8d-3e81-11e6-a7d8-408d5c90f72f', NULL, 'starter', 'admin', NULL, '25c0473b-3e81-11e6-a7d8-408d5c90f72f'),
('25c1cce1-3e81-11e6-a7d8-408d5c90f72f', 'deptLeader', 'candidate', NULL, '25c17fc0-3e81-11e6-a7d8-408d5c90f72f', NULL),
('31cee29c-2ffe-11e7-990a-fcaa14cc3198', 'hr', 'candidate', NULL, '31cee29b-2ffe-11e7-990a-fcaa14cc3198', NULL),
('3d43cee6-3e92-11e6-bf16-408d5c90f72f', NULL, 'starter', 'admin', NULL, '3d42bd74-3e92-11e6-bf16-408d5c90f72f'),
('3d463fea-3e92-11e6-bf16-408d5c90f72f', 'deptLeader', 'candidate', NULL, '3d45a3a9-3e92-11e6-bf16-408d5c90f72f', NULL),
('4d094d79-3e80-11e6-851a-408d5c90f72f', NULL, 'starter', 'admin', NULL, '4d06dc77-3e80-11e6-851a-408d5c90f72f'),
('4d0b494d-3e80-11e6-851a-408d5c90f72f', 'deptLeader', 'candidate', NULL, '4d0a85fc-3e80-11e6-851a-408d5c90f72f', NULL),
('7da10b4a-3ea9-11e6-a116-408d5c90f72f', 'hr', 'candidate', NULL, '7da0e439-3ea9-11e6-a116-408d5c90f72f', NULL),
('80572a9f-3ea9-11e6-a116-408d5c90f72f', 'hr', 'candidate', NULL, '8057038e-3ea9-11e6-a116-408d5c90f72f', NULL),
('8b5d6eaf-49d4-11e7-ac81-fcaa14cc3198', NULL, 'participant', 'demo', NULL, 'cc6c1564-3e80-11e6-a7d8-408d5c90f72f'),
('8fae5240-49d4-11e7-ac81-fcaa14cc3198', NULL, 'participant', 'demo', NULL, 'd83e508b-3e7f-11e6-8440-408d5c90f72f'),
('922df834-3ea9-11e6-a116-408d5c90f72f', 'hr', 'candidate', NULL, '922dd123-3ea9-11e6-a116-408d5c90f72f', NULL),
('95738649-3ea9-11e6-a116-408d5c90f72f', 'hr', 'candidate', NULL, '95735f38-3ea9-11e6-a116-408d5c90f72f', NULL),
('cc6dea26-3e80-11e6-a7d8-408d5c90f72f', NULL, 'starter', 'admin', NULL, 'cc6c1564-3e80-11e6-a7d8-408d5c90f72f'),
('cc9150aa-3e80-11e6-a7d8-408d5c90f72f', 'deptLeader', 'candidate', NULL, 'cc700d09-3e80-11e6-a7d8-408d5c90f72f', NULL),
('d840736d-3e7f-11e6-8440-408d5c90f72f', NULL, 'starter', 'admin', NULL, 'd83e508b-3e7f-11e6-8440-408d5c90f72f'),
('d84380b1-3e7f-11e6-8440-408d5c90f72f', 'deptLeader', 'candidate', NULL, 'd8426f40-3e7f-11e6-8440-408d5c90f72f', NULL);

-- --------------------------------------------------------

--
-- 表的结构 `act_hi_procinst`
--

CREATE TABLE IF NOT EXISTS `act_hi_procinst` (
  `ID_` varchar(64) COLLATE utf8_bin NOT NULL,
  `PROC_INST_ID_` varchar(64) COLLATE utf8_bin NOT NULL,
  `BUSINESS_KEY_` varchar(255) COLLATE utf8_bin DEFAULT NULL,
  `PROC_DEF_ID_` varchar(64) COLLATE utf8_bin NOT NULL,
  `START_TIME_` datetime(3) NOT NULL,
  `END_TIME_` datetime(3) DEFAULT NULL,
  `DURATION_` bigint(20) DEFAULT NULL,
  `START_USER_ID_` varchar(255) COLLATE utf8_bin DEFAULT NULL,
  `START_ACT_ID_` varchar(255) COLLATE utf8_bin DEFAULT NULL,
  `END_ACT_ID_` varchar(255) COLLATE utf8_bin DEFAULT NULL,
  `SUPER_PROCESS_INSTANCE_ID_` varchar(64) COLLATE utf8_bin DEFAULT NULL,
  `DELETE_REASON_` varchar(4000) COLLATE utf8_bin DEFAULT NULL,
  `TENANT_ID_` varchar(255) COLLATE utf8_bin DEFAULT '',
  `NAME_` varchar(255) COLLATE utf8_bin DEFAULT NULL,
  PRIMARY KEY (`ID_`),
  UNIQUE KEY `PROC_INST_ID_` (`PROC_INST_ID_`),
  KEY `ACT_IDX_HI_PRO_INST_END` (`END_TIME_`),
  KEY `ACT_IDX_HI_PRO_I_BUSKEY` (`BUSINESS_KEY_`)
) ENGINE=InnoDB DEFAULT CHARSET=utf8 COLLATE=utf8_bin;

--
-- 转存表中的数据 `act_hi_procinst`
--

INSERT INTO `act_hi_procinst` (`ID_`, `PROC_INST_ID_`, `BUSINESS_KEY_`, `PROC_DEF_ID_`, `START_TIME_`, `END_TIME_`, `DURATION_`, `START_USER_ID_`, `START_ACT_ID_`, `END_ACT_ID_`, `SUPER_PROCESS_INSTANCE_ID_`, `DELETE_REASON_`, `TENANT_ID_`, `NAME_`) VALUES
('1fa09304-3e7d-11e6-8440-408d5c90f72f', '1fa09304-3e7d-11e6-8440-408d5c90f72f', '1', 'leave:1:30b0b27e-3e79-11e6-a463-408d5c90f72f', '2016-06-30 12:43:00.435', NULL, NULL, 'admin', 'startevent1', NULL, NULL, NULL, '', NULL),
('25b629f0-3e80-11e6-851a-408d5c90f72f', '25b629f0-3e80-11e6-851a-408d5c90f72f', '3', 'leave:1:30b0b27e-3e79-11e6-a463-408d5c90f72f', '2016-06-30 13:04:39.089', NULL, NULL, 'admin', 'startevent1', NULL, NULL, NULL, '', NULL),
('25c0473b-3e81-11e6-a7d8-408d5c90f72f', '25c0473b-3e81-11e6-a7d8-408d5c90f72f', '6', 'leave:1:30b0b27e-3e79-11e6-a463-408d5c90f72f', '2016-06-30 13:11:48.650', NULL, NULL, 'admin', 'startevent1', NULL, NULL, NULL, '', NULL),
('3d42bd74-3e92-11e6-bf16-408d5c90f72f', '3d42bd74-3e92-11e6-bf16-408d5c90f72f', '7', 'leave:1:30b0b27e-3e79-11e6-a463-408d5c90f72f', '2016-06-30 15:14:09.538', NULL, NULL, 'admin', 'startevent1', NULL, NULL, NULL, '', NULL),
('4d06dc77-3e80-11e6-851a-408d5c90f72f', '4d06dc77-3e80-11e6-851a-408d5c90f72f', '4', 'leave:1:30b0b27e-3e79-11e6-a463-408d5c90f72f', '2016-06-30 13:05:45.058', NULL, NULL, 'admin', 'startevent1', NULL, NULL, NULL, '', NULL),
('cc6c1564-3e80-11e6-a7d8-408d5c90f72f', 'cc6c1564-3e80-11e6-a7d8-408d5c90f72f', '5', 'leave:1:30b0b27e-3e79-11e6-a463-408d5c90f72f', '2016-06-30 13:09:18.788', NULL, NULL, 'admin', 'startevent1', NULL, NULL, NULL, '', NULL),
('d83e508b-3e7f-11e6-8440-408d5c90f72f', 'd83e508b-3e7f-11e6-8440-408d5c90f72f', '2', 'leave:1:30b0b27e-3e79-11e6-a463-408d5c90f72f', '2016-06-30 13:02:29.128', NULL, NULL, 'admin', 'startevent1', NULL, NULL, NULL, '', NULL);

-- --------------------------------------------------------

--
-- 表的结构 `act_hi_taskinst`
--

CREATE TABLE IF NOT EXISTS `act_hi_taskinst` (
  `ID_` varchar(64) COLLATE utf8_bin NOT NULL,
  `PROC_DEF_ID_` varchar(64) COLLATE utf8_bin DEFAULT NULL,
  `TASK_DEF_KEY_` varchar(255) COLLATE utf8_bin DEFAULT NULL,
  `PROC_INST_ID_` varchar(64) COLLATE utf8_bin DEFAULT NULL,
  `EXECUTION_ID_` varchar(64) COLLATE utf8_bin DEFAULT NULL,
  `NAME_` varchar(255) COLLATE utf8_bin DEFAULT NULL,
  `PARENT_TASK_ID_` varchar(64) COLLATE utf8_bin DEFAULT NULL,
  `DESCRIPTION_` varchar(4000) COLLATE utf8_bin DEFAULT NULL,
  `OWNER_` varchar(255) COLLATE utf8_bin DEFAULT NULL,
  `ASSIGNEE_` varchar(255) COLLATE utf8_bin DEFAULT NULL,
  `START_TIME_` datetime(3) NOT NULL,
  `CLAIM_TIME_` datetime(3) DEFAULT NULL,
  `END_TIME_` datetime(3) DEFAULT NULL,
  `DURATION_` bigint(20) DEFAULT NULL,
  `DELETE_REASON_` varchar(4000) COLLATE utf8_bin DEFAULT NULL,
  `PRIORITY_` int(11) DEFAULT NULL,
  `DUE_DATE_` datetime(3) DEFAULT NULL,
  `FORM_KEY_` varchar(255) COLLATE utf8_bin DEFAULT NULL,
  `CATEGORY_` varchar(255) COLLATE utf8_bin DEFAULT NULL,
  `TENANT_ID_` varchar(255) COLLATE utf8_bin DEFAULT '',
  PRIMARY KEY (`ID_`),
  KEY `ACT_IDX_HI_TASK_INST_PROCINST` (`PROC_INST_ID_`)
) ENGINE=InnoDB DEFAULT CHARSET=utf8 COLLATE=utf8_bin;

--
-- 转存表中的数据 `act_hi_taskinst`
--

INSERT INTO `act_hi_taskinst` (`ID_`, `PROC_DEF_ID_`, `TASK_DEF_KEY_`, `PROC_INST_ID_`, `EXECUTION_ID_`, `NAME_`, `PARENT_TASK_ID_`, `DESCRIPTION_`, `OWNER_`, `ASSIGNEE_`, `START_TIME_`, `CLAIM_TIME_`, `END_TIME_`, `DURATION_`, `DELETE_REASON_`, `PRIORITY_`, `DUE_DATE_`, `FORM_KEY_`, `CATEGORY_`, `TENANT_ID_`) VALUES
('00fe274d-49d4-11e7-ac81-fcaa14cc3198', 'leave:1:30b0b27e-3e79-11e6-a463-408d5c90f72f', 'hrAudit', 'cc6c1564-3e80-11e6-a7d8-408d5c90f72f', 'cc6c1564-3e80-11e6-a7d8-408d5c90f72f', '人事审批', NULL, NULL, NULL, 'demo', '2017-06-05 17:47:35.664', '2017-06-05 17:51:27.816', '2017-06-05 17:52:29.298', 293634, 'completed', 50, NULL, NULL, NULL, ''),
('1faa08e9-3e7d-11e6-8440-408d5c90f72f', 'leave:1:30b0b27e-3e79-11e6-a463-408d5c90f72f', 'deptLeaderAudit', '1fa09304-3e7d-11e6-8440-408d5c90f72f', '1fa09304-3e7d-11e6-8440-408d5c90f72f', '部门领导审批', NULL, NULL, NULL, 'admin', '2016-06-30 12:43:00.446', '2016-06-30 13:37:33.597', '2016-06-30 18:00:35.922', 19055476, 'completed', 50, NULL, NULL, NULL, ''),
('25b98555-3e80-11e6-851a-408d5c90f72f', 'leave:1:30b0b27e-3e79-11e6-a463-408d5c90f72f', 'deptLeaderAudit', '25b629f0-3e80-11e6-851a-408d5c90f72f', '25b629f0-3e80-11e6-851a-408d5c90f72f', '部门领导审批', NULL, NULL, NULL, 'admin', '2016-06-30 13:04:39.104', '2016-06-30 13:39:24.023', '2016-06-30 18:00:40.487', 17761383, 'completed', 50, NULL, NULL, NULL, ''),
('25c17fc0-3e81-11e6-a7d8-408d5c90f72f', 'leave:1:30b0b27e-3e79-11e6-a463-408d5c90f72f', 'deptLeaderAudit', '25c0473b-3e81-11e6-a7d8-408d5c90f72f', '25c0473b-3e81-11e6-a7d8-408d5c90f72f', '部门领导审批', NULL, NULL, NULL, 'admin', '2016-06-30 13:11:48.653', '2016-06-30 13:40:29.733', '2017-05-03 20:44:06.156', 26551937503, 'completed', 50, NULL, NULL, NULL, ''),
('31cee29b-2ffe-11e7-990a-fcaa14cc3198', 'leave:1:30b0b27e-3e79-11e6-a463-408d5c90f72f', 'hrAudit', '25c0473b-3e81-11e6-a7d8-408d5c90f72f', '25c0473b-3e81-11e6-a7d8-408d5c90f72f', '人事审批', NULL, NULL, NULL, NULL, '2017-05-03 20:44:06.193', NULL, NULL, NULL, NULL, 50, NULL, NULL, NULL, ''),
('3d45a3a9-3e92-11e6-bf16-408d5c90f72f', 'leave:1:30b0b27e-3e79-11e6-a463-408d5c90f72f', 'deptLeaderAudit', '3d42bd74-3e92-11e6-bf16-408d5c90f72f', '3d42bd74-3e92-11e6-bf16-408d5c90f72f', '部门领导审批', NULL, NULL, NULL, 'admin', '2016-06-30 15:14:09.550', '2016-06-30 15:14:27.127', '2016-06-30 18:01:15.902', 10026352, 'completed', 50, NULL, NULL, NULL, ''),
('4d0a85fc-3e80-11e6-851a-408d5c90f72f', 'leave:1:30b0b27e-3e79-11e6-a463-408d5c90f72f', 'deptLeaderAudit', '4d06dc77-3e80-11e6-851a-408d5c90f72f', '4d06dc77-3e80-11e6-851a-408d5c90f72f', '部门领导审批', NULL, NULL, NULL, 'admin', '2016-06-30 13:05:45.066', '2016-06-30 18:00:47.589', NULL, NULL, NULL, 50, NULL, NULL, NULL, ''),
('7da0e439-3ea9-11e6-a116-408d5c90f72f', 'leave:1:30b0b27e-3e79-11e6-a463-408d5c90f72f', 'hrAudit', '1fa09304-3e7d-11e6-8440-408d5c90f72f', '1fa09304-3e7d-11e6-8440-408d5c90f72f', '人事审批', NULL, NULL, NULL, 'admin', '2016-06-30 18:00:35.947', '2016-06-30 18:00:56.018', NULL, NULL, NULL, 50, NULL, NULL, NULL, ''),
('8057038e-3ea9-11e6-a116-408d5c90f72f', 'leave:1:30b0b27e-3e79-11e6-a463-408d5c90f72f', 'hrAudit', '25b629f0-3e80-11e6-851a-408d5c90f72f', '25b629f0-3e80-11e6-851a-408d5c90f72f', '人事审批', NULL, NULL, NULL, 'admin', '2016-06-30 18:00:40.497', '2016-07-13 20:57:45.150', NULL, NULL, NULL, 50, NULL, NULL, NULL, ''),
('922dd123-3ea9-11e6-a116-408d5c90f72f', 'leave:1:30b0b27e-3e79-11e6-a463-408d5c90f72f', 'hrAudit', 'd83e508b-3e7f-11e6-8440-408d5c90f72f', 'd83e508b-3e7f-11e6-8440-408d5c90f72f', '人事审批', NULL, NULL, NULL, 'demo', '2016-06-30 18:01:10.425', '2017-06-05 17:51:35.057', NULL, NULL, NULL, 50, NULL, NULL, NULL, ''),
('95735f38-3ea9-11e6-a116-408d5c90f72f', 'leave:1:30b0b27e-3e79-11e6-a463-408d5c90f72f', 'hrAudit', '3d42bd74-3e92-11e6-bf16-408d5c90f72f', '3d42bd74-3e92-11e6-bf16-408d5c90f72f', '人事审批', NULL, NULL, NULL, NULL, '2016-06-30 18:01:15.915', NULL, NULL, NULL, NULL, 50, NULL, NULL, NULL, ''),
('b0082e86-49d4-11e7-ac81-fcaa14cc3198', 'leave:1:30b0b27e-3e79-11e6-a463-408d5c90f72f', 'reportBack', 'cc6c1564-3e80-11e6-a7d8-408d5c90f72f', 'cc6c1564-3e80-11e6-a7d8-408d5c90f72f', '销假', NULL, NULL, NULL, 'admin', '2017-06-05 17:52:29.331', NULL, NULL, NULL, NULL, 50, NULL, NULL, NULL, ''),
('cc700d09-3e80-11e6-a7d8-408d5c90f72f', 'leave:1:30b0b27e-3e79-11e6-a463-408d5c90f72f', 'deptLeaderAudit', 'cc6c1564-3e80-11e6-a7d8-408d5c90f72f', 'cc6c1564-3e80-11e6-a7d8-408d5c90f72f', '部门领导审批', NULL, NULL, NULL, 'admin', '2016-06-30 13:09:18.802', '2016-06-30 18:01:00.535', '2017-06-05 17:47:35.636', 29392696834, 'completed', 50, NULL, NULL, NULL, ''),
('d8426f40-3e7f-11e6-8440-408d5c90f72f', 'leave:1:30b0b27e-3e79-11e6-a463-408d5c90f72f', 'deptLeaderAudit', 'd83e508b-3e7f-11e6-8440-408d5c90f72f', 'd83e508b-3e7f-11e6-8440-408d5c90f72f', '部门领导审批', NULL, NULL, NULL, 'admin', '2016-06-30 13:02:29.139', '2016-06-30 18:01:07.313', '2016-06-30 18:01:10.413', 17921274, 'completed', 50, NULL, NULL, NULL, '');

-- --------------------------------------------------------

--
-- 表的结构 `act_hi_varinst`
--

CREATE TABLE IF NOT EXISTS `act_hi_varinst` (
  `ID_` varchar(64) COLLATE utf8_bin NOT NULL,
  `PROC_INST_ID_` varchar(64) COLLATE utf8_bin DEFAULT NULL,
  `EXECUTION_ID_` varchar(64) COLLATE utf8_bin DEFAULT NULL,
  `TASK_ID_` varchar(64) COLLATE utf8_bin DEFAULT NULL,
  `NAME_` varchar(255) COLLATE utf8_bin NOT NULL,
  `VAR_TYPE_` varchar(100) COLLATE utf8_bin DEFAULT NULL,
  `REV_` int(11) DEFAULT NULL,
  `BYTEARRAY_ID_` varchar(64) COLLATE utf8_bin DEFAULT NULL,
  `DOUBLE_` double DEFAULT NULL,
  `LONG_` bigint(20) DEFAULT NULL,
  `TEXT_` varchar(4000) COLLATE utf8_bin DEFAULT NULL,
  `TEXT2_` varchar(4000) COLLATE utf8_bin DEFAULT NULL,
  `CREATE_TIME_` datetime(3) DEFAULT NULL,
  `LAST_UPDATED_TIME_` datetime(3) DEFAULT NULL,
  PRIMARY KEY (`ID_`),
  KEY `ACT_IDX_HI_PROCVAR_PROC_INST` (`PROC_INST_ID_`),
  KEY `ACT_IDX_HI_PROCVAR_NAME_TYPE` (`NAME_`,`VAR_TYPE_`),
  KEY `ACT_IDX_HI_PROCVAR_TASK_ID` (`TASK_ID_`)
) ENGINE=InnoDB DEFAULT CHARSET=utf8 COLLATE=utf8_bin;

--
-- 转存表中的数据 `act_hi_varinst`
--

INSERT INTO `act_hi_varinst` (`ID_`, `PROC_INST_ID_`, `EXECUTION_ID_`, `TASK_ID_`, `NAME_`, `VAR_TYPE_`, `REV_`, `BYTEARRAY_ID_`, `DOUBLE_`, `LONG_`, `TEXT_`, `TEXT2_`, `CREATE_TIME_`, `LAST_UPDATED_TIME_`) VALUES
('00f6d44a-49d4-11e7-ac81-fcaa14cc3198', 'cc6c1564-3e80-11e6-a7d8-408d5c90f72f', 'cc6c1564-3e80-11e6-a7d8-408d5c90f72f', NULL, 'deptLeaderPass', 'boolean', 1, NULL, NULL, 1, NULL, NULL, '2017-06-05 17:47:35.616', '2017-06-05 17:52:29.263'),
('1fa09305-3e7d-11e6-8440-408d5c90f72f', '1fa09304-3e7d-11e6-8440-408d5c90f72f', '1fa09304-3e7d-11e6-8440-408d5c90f72f', NULL, 'applyUserId', 'string', 0, NULL, NULL, NULL, 'admin', NULL, '2016-06-30 12:43:00.386', '2016-06-30 12:43:00.386'),
('25b65101-3e80-11e6-851a-408d5c90f72f', '25b629f0-3e80-11e6-851a-408d5c90f72f', '25b629f0-3e80-11e6-851a-408d5c90f72f', NULL, 'applyUserId', 'string', 0, NULL, NULL, NULL, 'admin', NULL, '2016-06-30 13:04:39.084', '2016-06-30 13:04:39.084'),
('25c0473c-3e81-11e6-a7d8-408d5c90f72f', '25c0473b-3e81-11e6-a7d8-408d5c90f72f', '25c0473b-3e81-11e6-a7d8-408d5c90f72f', NULL, 'applyUserId', 'string', 0, NULL, NULL, NULL, 'admin', NULL, '2016-06-30 13:11:48.645', '2016-06-30 13:11:48.645'),
('31ae6248-2ffe-11e7-990a-fcaa14cc3198', '25c0473b-3e81-11e6-a7d8-408d5c90f72f', '25c0473b-3e81-11e6-a7d8-408d5c90f72f', NULL, 'deptLeaderPass', 'boolean', 0, NULL, NULL, 1, NULL, NULL, '2017-05-03 20:44:05.982', '2017-05-03 20:44:05.982'),
('3d42e485-3e92-11e6-bf16-408d5c90f72f', '3d42bd74-3e92-11e6-bf16-408d5c90f72f', '3d42bd74-3e92-11e6-bf16-408d5c90f72f', NULL, 'applyUserId', 'string', 0, NULL, NULL, NULL, 'admin', NULL, '2016-06-30 15:14:09.534', '2016-06-30 15:14:09.534'),
('4d072a98-3e80-11e6-851a-408d5c90f72f', '4d06dc77-3e80-11e6-851a-408d5c90f72f', '4d06dc77-3e80-11e6-851a-408d5c90f72f', NULL, 'applyUserId', 'string', 0, NULL, NULL, NULL, 'admin', NULL, '2016-06-30 13:05:45.045', '2016-06-30 13:05:45.045'),
('7d9a0666-3ea9-11e6-a116-408d5c90f72f', '1fa09304-3e7d-11e6-8440-408d5c90f72f', '1fa09304-3e7d-11e6-8440-408d5c90f72f', NULL, 'deptLeaderPass', 'boolean', 0, NULL, NULL, 1, NULL, NULL, '2016-06-30 18:00:35.904', '2016-06-30 18:00:35.904'),
('80541d5b-3ea9-11e6-a116-408d5c90f72f', '25b629f0-3e80-11e6-851a-408d5c90f72f', '25b629f0-3e80-11e6-851a-408d5c90f72f', NULL, 'deptLeaderPass', 'boolean', 0, NULL, NULL, 1, NULL, NULL, '2016-06-30 18:00:40.477', '2016-06-30 18:00:40.477'),
('922aeaf0-3ea9-11e6-a116-408d5c90f72f', 'd83e508b-3e7f-11e6-8440-408d5c90f72f', 'd83e508b-3e7f-11e6-8440-408d5c90f72f', NULL, 'deptLeaderPass', 'boolean', 0, NULL, NULL, 1, NULL, NULL, '2016-06-30 18:01:10.406', '2016-06-30 18:01:10.406'),
('957051f5-3ea9-11e6-a116-408d5c90f72f', '3d42bd74-3e92-11e6-bf16-408d5c90f72f', '3d42bd74-3e92-11e6-bf16-408d5c90f72f', NULL, 'deptLeaderPass', 'boolean', 0, NULL, NULL, 1, NULL, NULL, '2016-06-30 18:01:15.894', '2016-06-30 18:01:15.894'),
('affdce43-49d4-11e7-ac81-fcaa14cc3198', 'cc6c1564-3e80-11e6-a7d8-408d5c90f72f', 'cc6c1564-3e80-11e6-a7d8-408d5c90f72f', NULL, 'hrPass', 'boolean', 0, NULL, NULL, 1, NULL, NULL, '2017-06-05 17:52:29.263', '2017-06-05 17:52:29.263'),
('cc6c3c75-3e80-11e6-a7d8-408d5c90f72f', 'cc6c1564-3e80-11e6-a7d8-408d5c90f72f', 'cc6c1564-3e80-11e6-a7d8-408d5c90f72f', NULL, 'applyUserId', 'string', 0, NULL, NULL, NULL, 'admin', NULL, '2016-06-30 13:09:18.778', '2016-06-30 13:09:18.778'),
('d83e779c-3e7f-11e6-8440-408d5c90f72f', 'd83e508b-3e7f-11e6-8440-408d5c90f72f', 'd83e508b-3e7f-11e6-8440-408d5c90f72f', NULL, 'applyUserId', 'string', 0, NULL, NULL, NULL, 'admin', NULL, '2016-06-30 13:02:29.114', '2016-06-30 13:02:29.114');

-- --------------------------------------------------------

--
-- 替换视图以便查看 `act_id_group`
--
CREATE TABLE IF NOT EXISTS `act_id_group` (
`ID_` varchar(255)
,`REV_` int(1)
,`NAME_` varchar(255)
,`TYPE_` varchar(10)
);
-- --------------------------------------------------------

--
-- 表的结构 `act_id_info`
--

CREATE TABLE IF NOT EXISTS `act_id_info` (
  `ID_` varchar(64) COLLATE utf8_bin NOT NULL,
  `REV_` int(11) DEFAULT NULL,
  `USER_ID_` varchar(64) COLLATE utf8_bin DEFAULT NULL,
  `TYPE_` varchar(64) COLLATE utf8_bin DEFAULT NULL,
  `KEY_` varchar(255) COLLATE utf8_bin DEFAULT NULL,
  `VALUE_` varchar(255) COLLATE utf8_bin DEFAULT NULL,
  `PASSWORD_` longblob,
  `PARENT_ID_` varchar(255) COLLATE utf8_bin DEFAULT NULL,
  PRIMARY KEY (`ID_`)
) ENGINE=InnoDB DEFAULT CHARSET=utf8 COLLATE=utf8_bin;

-- --------------------------------------------------------

--
-- 替换视图以便查看 `act_id_membership`
--
CREATE TABLE IF NOT EXISTS `act_id_membership` (
`USER_ID_` varchar(255)
,`GROUP_ID_` varchar(255)
);
-- --------------------------------------------------------

--
-- 替换视图以便查看 `act_id_user`
--
CREATE TABLE IF NOT EXISTS `act_id_user` (
`ID_` varchar(255)
,`REV_` int(1)
,`FIRST_` varchar(255)
,`LAST_` varchar(255)
,`EMAIL_` varchar(255)
,`PWD_` varchar(255)
,`PICTURE_ID_` varchar(255)
);
-- --------------------------------------------------------

--
-- 表的结构 `act_procdef_info`
--

CREATE TABLE IF NOT EXISTS `act_procdef_info` (
  `ID_` varchar(64) COLLATE utf8_bin NOT NULL,
  `PROC_DEF_ID_` varchar(64) COLLATE utf8_bin NOT NULL,
  `REV_` int(11) DEFAULT NULL,
  `INFO_JSON_ID_` varchar(64) COLLATE utf8_bin DEFAULT NULL,
  PRIMARY KEY (`ID_`),
  UNIQUE KEY `ACT_UNIQ_INFO_PROCDEF` (`PROC_DEF_ID_`),
  KEY `ACT_IDX_INFO_PROCDEF` (`PROC_DEF_ID_`),
  KEY `ACT_FK_INFO_JSON_BA` (`INFO_JSON_ID_`)
) ENGINE=InnoDB DEFAULT CHARSET=utf8 COLLATE=utf8_bin;

-- --------------------------------------------------------

--
-- 表的结构 `act_re_deployment`
--

CREATE TABLE IF NOT EXISTS `act_re_deployment` (
  `ID_` varchar(64) COLLATE utf8_bin NOT NULL,
  `NAME_` varchar(255) COLLATE utf8_bin DEFAULT NULL,
  `CATEGORY_` varchar(255) COLLATE utf8_bin DEFAULT NULL,
  `TENANT_ID_` varchar(255) COLLATE utf8_bin DEFAULT '',
  `DEPLOY_TIME_` timestamp(3) NOT NULL DEFAULT CURRENT_TIMESTAMP(3) ON UPDATE CURRENT_TIMESTAMP(3),
  PRIMARY KEY (`ID_`)
) ENGINE=InnoDB DEFAULT CHARSET=utf8 COLLATE=utf8_bin;

--
-- 转存表中的数据 `act_re_deployment`
--

INSERT INTO `act_re_deployment` (`ID_`, `NAME_`, `CATEGORY_`, `TENANT_ID_`, `DEPLOY_TIME_`) VALUES
('3078164b-3e79-11e6-a463-408d5c90f72f', '请假流程', NULL, '', '2016-06-30 04:14:50.652');

-- --------------------------------------------------------

--
-- 表的结构 `act_re_model`
--

CREATE TABLE IF NOT EXISTS `act_re_model` (
  `ID_` varchar(64) COLLATE utf8_bin NOT NULL,
  `REV_` int(11) DEFAULT NULL,
  `NAME_` varchar(255) COLLATE utf8_bin DEFAULT NULL,
  `KEY_` varchar(255) COLLATE utf8_bin DEFAULT NULL,
  `CATEGORY_` varchar(255) COLLATE utf8_bin DEFAULT NULL,
  `CREATE_TIME_` timestamp(3) NULL DEFAULT NULL,
  `LAST_UPDATE_TIME_` timestamp(3) NULL DEFAULT NULL,
  `VERSION_` int(11) DEFAULT NULL,
  `META_INFO_` varchar(4000) COLLATE utf8_bin DEFAULT NULL,
  `DEPLOYMENT_ID_` varchar(64) COLLATE utf8_bin DEFAULT NULL,
  `EDITOR_SOURCE_VALUE_ID_` varchar(64) COLLATE utf8_bin DEFAULT NULL,
  `EDITOR_SOURCE_EXTRA_VALUE_ID_` varchar(64) COLLATE utf8_bin DEFAULT NULL,
  `TENANT_ID_` varchar(255) COLLATE utf8_bin DEFAULT '',
  PRIMARY KEY (`ID_`),
  KEY `ACT_FK_MODEL_SOURCE` (`EDITOR_SOURCE_VALUE_ID_`),
  KEY `ACT_FK_MODEL_SOURCE_EXTRA` (`EDITOR_SOURCE_EXTRA_VALUE_ID_`),
  KEY `ACT_FK_MODEL_DEPLOYMENT` (`DEPLOYMENT_ID_`)
) ENGINE=InnoDB DEFAULT CHARSET=utf8 COLLATE=utf8_bin;

--
-- 转存表中的数据 `act_re_model`
--

INSERT INTO `act_re_model` (`ID_`, `REV_`, `NAME_`, `KEY_`, `CATEGORY_`, `CREATE_TIME_`, `LAST_UPDATE_TIME_`, `VERSION_`, `META_INFO_`, `DEPLOYMENT_ID_`, `EDITOR_SOURCE_VALUE_ID_`, `EDITOR_SOURCE_EXTRA_VALUE_ID_`, `TENANT_ID_`) VALUES
('3aa11e75-3dd3-11e6-81cd-408d5c90f72f', 6, '请假流程', 'leave', '3593efc1-3dd3-11e6-81cd-408d5c90f72f', '2016-06-29 08:26:51.240', '2016-06-30 01:29:49.180', 1, '{"name":"请假流程","revision":1,"description":"请假流程演示"}', NULL, '3ab2d1b6-3dd3-11e6-81cd-408d5c90f72f', 'be192f03-3e61-11e6-83ec-408d5c90f72f', ''),
('a0e3d423-2cce-11e7-b216-701a0445a273', 4, 'testoa', 'testoa', NULL, '2017-04-29 11:26:03.226', '2017-04-29 11:27:00.235', 1, '{"name":"testoa","revision":1,"description":""}', NULL, 'a13e0214-2cce-11e7-b216-701a0445a273', 'c2deb635-2cce-11e7-b216-701a0445a273', ''),
('add25040-3e61-11e6-83ec-408d5c90f72f', 8, 'test222', 'test', NULL, '2016-06-30 01:26:33.037', '2016-07-13 13:34:49.660', 1, '{"name":"test222","revision":1,"description":"rtre"}', NULL, 'ade36741-3e61-11e6-83ec-408d5c90f72f', 'b272da72-3e61-11e6-83ec-408d5c90f72f', '');

-- --------------------------------------------------------

--
-- 表的结构 `act_re_procdef`
--

CREATE TABLE IF NOT EXISTS `act_re_procdef` (
  `ID_` varchar(64) COLLATE utf8_bin NOT NULL,
  `REV_` int(11) DEFAULT NULL,
  `CATEGORY_` varchar(255) COLLATE utf8_bin DEFAULT NULL,
  `NAME_` varchar(255) COLLATE utf8_bin DEFAULT NULL,
  `KEY_` varchar(255) COLLATE utf8_bin NOT NULL,
  `VERSION_` int(11) NOT NULL,
  `DEPLOYMENT_ID_` varchar(64) COLLATE utf8_bin DEFAULT NULL,
  `RESOURCE_NAME_` varchar(4000) COLLATE utf8_bin DEFAULT NULL,
  `DGRM_RESOURCE_NAME_` varchar(4000) COLLATE utf8_bin DEFAULT NULL,
  `DESCRIPTION_` varchar(4000) COLLATE utf8_bin DEFAULT NULL,
  `HAS_START_FORM_KEY_` tinyint(4) DEFAULT NULL,
  `HAS_GRAPHICAL_NOTATION_` tinyint(4) DEFAULT NULL,
  `SUSPENSION_STATE_` int(11) DEFAULT NULL,
  `TENANT_ID_` varchar(255) COLLATE utf8_bin DEFAULT '',
  PRIMARY KEY (`ID_`),
  UNIQUE KEY `ACT_UNIQ_PROCDEF` (`KEY_`,`VERSION_`,`TENANT_ID_`)
) ENGINE=InnoDB DEFAULT CHARSET=utf8 COLLATE=utf8_bin;

--
-- 转存表中的数据 `act_re_procdef`
--

INSERT INTO `act_re_procdef` (`ID_`, `REV_`, `CATEGORY_`, `NAME_`, `KEY_`, `VERSION_`, `DEPLOYMENT_ID_`, `RESOURCE_NAME_`, `DGRM_RESOURCE_NAME_`, `DESCRIPTION_`, `HAS_START_FORM_KEY_`, `HAS_GRAPHICAL_NOTATION_`, `SUSPENSION_STATE_`, `TENANT_ID_`) VALUES
('leave:1:30b0b27e-3e79-11e6-a463-408d5c90f72f', 1, 'http://www.tanghom.cn/demo/activiti/leave', '请假流程', 'leave', 1, '3078164b-3e79-11e6-a463-408d5c90f72f', '请假流程.bpmn20.xml', '请假流程.leave.png', '请假流程演示', 0, 1, 1, '');

-- --------------------------------------------------------

--
-- 表的结构 `act_ru_event_subscr`
--

CREATE TABLE IF NOT EXISTS `act_ru_event_subscr` (
  `ID_` varchar(64) COLLATE utf8_bin NOT NULL,
  `REV_` int(11) DEFAULT NULL,
  `EVENT_TYPE_` varchar(255) COLLATE utf8_bin NOT NULL,
  `EVENT_NAME_` varchar(255) COLLATE utf8_bin DEFAULT NULL,
  `EXECUTION_ID_` varchar(64) COLLATE utf8_bin DEFAULT NULL,
  `PROC_INST_ID_` varchar(64) COLLATE utf8_bin DEFAULT NULL,
  `ACTIVITY_ID_` varchar(64) COLLATE utf8_bin DEFAULT NULL,
  `CONFIGURATION_` varchar(255) COLLATE utf8_bin DEFAULT NULL,
  `CREATED_` timestamp(3) NOT NULL DEFAULT CURRENT_TIMESTAMP(3),
  `PROC_DEF_ID_` varchar(64) COLLATE utf8_bin DEFAULT NULL,
  `TENANT_ID_` varchar(255) COLLATE utf8_bin DEFAULT '',
  PRIMARY KEY (`ID_`),
  KEY `ACT_IDX_EVENT_SUBSCR_CONFIG_` (`CONFIGURATION_`),
  KEY `ACT_FK_EVENT_EXEC` (`EXECUTION_ID_`)
) ENGINE=InnoDB DEFAULT CHARSET=utf8 COLLATE=utf8_bin;

-- --------------------------------------------------------

--
-- 表的结构 `act_ru_execution`
--

CREATE TABLE IF NOT EXISTS `act_ru_execution` (
  `ID_` varchar(64) COLLATE utf8_bin NOT NULL,
  `REV_` int(11) DEFAULT NULL,
  `PROC_INST_ID_` varchar(64) COLLATE utf8_bin DEFAULT NULL,
  `BUSINESS_KEY_` varchar(255) COLLATE utf8_bin DEFAULT NULL,
  `PARENT_ID_` varchar(64) COLLATE utf8_bin DEFAULT NULL,
  `PROC_DEF_ID_` varchar(64) COLLATE utf8_bin DEFAULT NULL,
  `SUPER_EXEC_` varchar(64) COLLATE utf8_bin DEFAULT NULL,
  `ACT_ID_` varchar(255) COLLATE utf8_bin DEFAULT NULL,
  `IS_ACTIVE_` tinyint(4) DEFAULT NULL,
  `IS_CONCURRENT_` tinyint(4) DEFAULT NULL,
  `IS_SCOPE_` tinyint(4) DEFAULT NULL,
  `IS_EVENT_SCOPE_` tinyint(4) DEFAULT NULL,
  `SUSPENSION_STATE_` int(11) DEFAULT NULL,
  `CACHED_ENT_STATE_` int(11) DEFAULT NULL,
  `TENANT_ID_` varchar(255) COLLATE utf8_bin DEFAULT '',
  `NAME_` varchar(255) COLLATE utf8_bin DEFAULT NULL,
  `LOCK_TIME_` timestamp(3) NULL DEFAULT NULL,
  PRIMARY KEY (`ID_`),
  KEY `ACT_IDX_EXEC_BUSKEY` (`BUSINESS_KEY_`),
  KEY `ACT_FK_EXE_PROCINST` (`PROC_INST_ID_`),
  KEY `ACT_FK_EXE_PARENT` (`PARENT_ID_`),
  KEY `ACT_FK_EXE_SUPER` (`SUPER_EXEC_`),
  KEY `ACT_FK_EXE_PROCDEF` (`PROC_DEF_ID_`)
) ENGINE=InnoDB DEFAULT CHARSET=utf8 COLLATE=utf8_bin;

--
-- 转存表中的数据 `act_ru_execution`
--

INSERT INTO `act_ru_execution` (`ID_`, `REV_`, `PROC_INST_ID_`, `BUSINESS_KEY_`, `PARENT_ID_`, `PROC_DEF_ID_`, `SUPER_EXEC_`, `ACT_ID_`, `IS_ACTIVE_`, `IS_CONCURRENT_`, `IS_SCOPE_`, `IS_EVENT_SCOPE_`, `SUSPENSION_STATE_`, `CACHED_ENT_STATE_`, `TENANT_ID_`, `NAME_`, `LOCK_TIME_`) VALUES
('1fa09304-3e7d-11e6-8440-408d5c90f72f', 2, '1fa09304-3e7d-11e6-8440-408d5c90f72f', '1', NULL, 'leave:1:30b0b27e-3e79-11e6-a463-408d5c90f72f', NULL, 'hrAudit', 1, 0, 1, 0, 1, 2, '', NULL, NULL),
('25b629f0-3e80-11e6-851a-408d5c90f72f', 2, '25b629f0-3e80-11e6-851a-408d5c90f72f', '3', NULL, 'leave:1:30b0b27e-3e79-11e6-a463-408d5c90f72f', NULL, 'hrAudit', 1, 0, 1, 0, 1, 2, '', NULL, NULL),
('25c0473b-3e81-11e6-a7d8-408d5c90f72f', 2, '25c0473b-3e81-11e6-a7d8-408d5c90f72f', '6', NULL, 'leave:1:30b0b27e-3e79-11e6-a463-408d5c90f72f', NULL, 'hrAudit', 1, 0, 1, 0, 1, 2, '', NULL, NULL),
('3d42bd74-3e92-11e6-bf16-408d5c90f72f', 2, '3d42bd74-3e92-11e6-bf16-408d5c90f72f', '7', NULL, 'leave:1:30b0b27e-3e79-11e6-a463-408d5c90f72f', NULL, 'hrAudit', 1, 0, 1, 0, 1, 2, '', NULL, NULL),
('4d06dc77-3e80-11e6-851a-408d5c90f72f', 2, '4d06dc77-3e80-11e6-851a-408d5c90f72f', '4', NULL, 'leave:1:30b0b27e-3e79-11e6-a463-408d5c90f72f', NULL, 'deptLeaderAudit', 1, 0, 1, 0, 2, 2, '', NULL, NULL),
('cc6c1564-3e80-11e6-a7d8-408d5c90f72f', 3, 'cc6c1564-3e80-11e6-a7d8-408d5c90f72f', '5', NULL, 'leave:1:30b0b27e-3e79-11e6-a463-408d5c90f72f', NULL, 'reportBack', 1, 0, 1, 0, 1, 2, '', NULL, NULL),
('d83e508b-3e7f-11e6-8440-408d5c90f72f', 2, 'd83e508b-3e7f-11e6-8440-408d5c90f72f', '2', NULL, 'leave:1:30b0b27e-3e79-11e6-a463-408d5c90f72f', NULL, 'hrAudit', 1, 0, 1, 0, 1, 2, '', NULL, NULL);

-- --------------------------------------------------------

--
-- 表的结构 `act_ru_identitylink`
--

CREATE TABLE IF NOT EXISTS `act_ru_identitylink` (
  `ID_` varchar(64) COLLATE utf8_bin NOT NULL,
  `REV_` int(11) DEFAULT NULL,
  `GROUP_ID_` varchar(255) COLLATE utf8_bin DEFAULT NULL,
  `TYPE_` varchar(255) COLLATE utf8_bin DEFAULT NULL,
  `USER_ID_` varchar(255) COLLATE utf8_bin DEFAULT NULL,
  `TASK_ID_` varchar(64) COLLATE utf8_bin DEFAULT NULL,
  `PROC_INST_ID_` varchar(64) COLLATE utf8_bin DEFAULT NULL,
  `PROC_DEF_ID_` varchar(64) COLLATE utf8_bin DEFAULT NULL,
  PRIMARY KEY (`ID_`),
  KEY `ACT_IDX_IDENT_LNK_USER` (`USER_ID_`),
  KEY `ACT_IDX_IDENT_LNK_GROUP` (`GROUP_ID_`),
  KEY `ACT_IDX_ATHRZ_PROCEDEF` (`PROC_DEF_ID_`),
  KEY `ACT_FK_TSKASS_TASK` (`TASK_ID_`),
  KEY `ACT_FK_IDL_PROCINST` (`PROC_INST_ID_`)
) ENGINE=InnoDB DEFAULT CHARSET=utf8 COLLATE=utf8_bin;

--
-- 转存表中的数据 `act_ru_identitylink`
--

INSERT INTO `act_ru_identitylink` (`ID_`, `REV_`, `GROUP_ID_`, `TYPE_`, `USER_ID_`, `TASK_ID_`, `PROC_INST_ID_`, `PROC_DEF_ID_`) VALUES
('1fa88246-3e7d-11e6-8440-408d5c90f72f', 1, NULL, 'starter', 'admin', NULL, '1fa09304-3e7d-11e6-8440-408d5c90f72f', NULL),
('25b76272-3e80-11e6-851a-408d5c90f72f', 1, NULL, 'starter', 'admin', NULL, '25b629f0-3e80-11e6-851a-408d5c90f72f', NULL),
('25c10a8d-3e81-11e6-a7d8-408d5c90f72f', 1, NULL, 'starter', 'admin', NULL, '25c0473b-3e81-11e6-a7d8-408d5c90f72f', NULL),
('31cee29c-2ffe-11e7-990a-fcaa14cc3198', 1, 'hr', 'candidate', NULL, '31cee29b-2ffe-11e7-990a-fcaa14cc3198', NULL, NULL),
('3d43cee6-3e92-11e6-bf16-408d5c90f72f', 1, NULL, 'starter', 'admin', NULL, '3d42bd74-3e92-11e6-bf16-408d5c90f72f', NULL),
('4d094d79-3e80-11e6-851a-408d5c90f72f', 1, NULL, 'starter', 'admin', NULL, '4d06dc77-3e80-11e6-851a-408d5c90f72f', NULL),
('4d0b494d-3e80-11e6-851a-408d5c90f72f', 1, 'deptLeader', 'candidate', NULL, '4d0a85fc-3e80-11e6-851a-408d5c90f72f', NULL, NULL),
('7da10b4a-3ea9-11e6-a116-408d5c90f72f', 1, 'hr', 'candidate', NULL, '7da0e439-3ea9-11e6-a116-408d5c90f72f', NULL, NULL),
('80572a9f-3ea9-11e6-a116-408d5c90f72f', 1, 'hr', 'candidate', NULL, '8057038e-3ea9-11e6-a116-408d5c90f72f', NULL, NULL),
('8b5d6eaf-49d4-11e7-ac81-fcaa14cc3198', 1, NULL, 'participant', 'demo', NULL, 'cc6c1564-3e80-11e6-a7d8-408d5c90f72f', NULL),
('8fae5240-49d4-11e7-ac81-fcaa14cc3198', 1, NULL, 'participant', 'demo', NULL, 'd83e508b-3e7f-11e6-8440-408d5c90f72f', NULL),
('922df834-3ea9-11e6-a116-408d5c90f72f', 1, 'hr', 'candidate', NULL, '922dd123-3ea9-11e6-a116-408d5c90f72f', NULL, NULL),
('95738649-3ea9-11e6-a116-408d5c90f72f', 1, 'hr', 'candidate', NULL, '95735f38-3ea9-11e6-a116-408d5c90f72f', NULL, NULL),
('cc6dea26-3e80-11e6-a7d8-408d5c90f72f', 1, NULL, 'starter', 'admin', NULL, 'cc6c1564-3e80-11e6-a7d8-408d5c90f72f', NULL),
('d840736d-3e7f-11e6-8440-408d5c90f72f', 1, NULL, 'starter', 'admin', NULL, 'd83e508b-3e7f-11e6-8440-408d5c90f72f', NULL);

-- --------------------------------------------------------

--
-- 表的结构 `act_ru_job`
--

CREATE TABLE IF NOT EXISTS `act_ru_job` (
  `ID_` varchar(64) COLLATE utf8_bin NOT NULL,
  `REV_` int(11) DEFAULT NULL,
  `TYPE_` varchar(255) COLLATE utf8_bin NOT NULL,
  `LOCK_EXP_TIME_` timestamp(3) NULL DEFAULT NULL,
  `LOCK_OWNER_` varchar(255) COLLATE utf8_bin DEFAULT NULL,
  `EXCLUSIVE_` tinyint(1) DEFAULT NULL,
  `EXECUTION_ID_` varchar(64) COLLATE utf8_bin DEFAULT NULL,
  `PROCESS_INSTANCE_ID_` varchar(64) COLLATE utf8_bin DEFAULT NULL,
  `PROC_DEF_ID_` varchar(64) COLLATE utf8_bin DEFAULT NULL,
  `RETRIES_` int(11) DEFAULT NULL,
  `EXCEPTION_STACK_ID_` varchar(64) COLLATE utf8_bin DEFAULT NULL,
  `EXCEPTION_MSG_` varchar(4000) COLLATE utf8_bin DEFAULT NULL,
  `DUEDATE_` timestamp(3) NULL DEFAULT NULL,
  `REPEAT_` varchar(255) COLLATE utf8_bin DEFAULT NULL,
  `HANDLER_TYPE_` varchar(255) COLLATE utf8_bin DEFAULT NULL,
  `HANDLER_CFG_` varchar(4000) COLLATE utf8_bin DEFAULT NULL,
  `TENANT_ID_` varchar(255) COLLATE utf8_bin DEFAULT '',
  PRIMARY KEY (`ID_`),
  KEY `ACT_FK_JOB_EXCEPTION` (`EXCEPTION_STACK_ID_`)
) ENGINE=InnoDB DEFAULT CHARSET=utf8 COLLATE=utf8_bin;

-- --------------------------------------------------------

--
-- 表的结构 `act_ru_task`
--

CREATE TABLE IF NOT EXISTS `act_ru_task` (
  `ID_` varchar(64) COLLATE utf8_bin NOT NULL,
  `REV_` int(11) DEFAULT NULL,
  `EXECUTION_ID_` varchar(64) COLLATE utf8_bin DEFAULT NULL,
  `PROC_INST_ID_` varchar(64) COLLATE utf8_bin DEFAULT NULL,
  `PROC_DEF_ID_` varchar(64) COLLATE utf8_bin DEFAULT NULL,
  `NAME_` varchar(255) COLLATE utf8_bin DEFAULT NULL,
  `PARENT_TASK_ID_` varchar(64) COLLATE utf8_bin DEFAULT NULL,
  `DESCRIPTION_` varchar(4000) COLLATE utf8_bin DEFAULT NULL,
  `TASK_DEF_KEY_` varchar(255) COLLATE utf8_bin DEFAULT NULL,
  `OWNER_` varchar(255) COLLATE utf8_bin DEFAULT NULL,
  `ASSIGNEE_` varchar(255) COLLATE utf8_bin DEFAULT NULL,
  `DELEGATION_` varchar(64) COLLATE utf8_bin DEFAULT NULL,
  `PRIORITY_` int(11) DEFAULT NULL,
  `CREATE_TIME_` timestamp(3) NOT NULL DEFAULT CURRENT_TIMESTAMP(3) ON UPDATE CURRENT_TIMESTAMP(3),
  `DUE_DATE_` datetime(3) DEFAULT NULL,
  `CATEGORY_` varchar(255) COLLATE utf8_bin DEFAULT NULL,
  `SUSPENSION_STATE_` int(11) DEFAULT NULL,
  `TENANT_ID_` varchar(255) COLLATE utf8_bin DEFAULT '',
  `FORM_KEY_` varchar(255) COLLATE utf8_bin DEFAULT NULL,
  PRIMARY KEY (`ID_`),
  KEY `ACT_IDX_TASK_CREATE` (`CREATE_TIME_`),
  KEY `ACT_FK_TASK_EXE` (`EXECUTION_ID_`),
  KEY `ACT_FK_TASK_PROCINST` (`PROC_INST_ID_`),
  KEY `ACT_FK_TASK_PROCDEF` (`PROC_DEF_ID_`)
) ENGINE=InnoDB DEFAULT CHARSET=utf8 COLLATE=utf8_bin;

--
-- 转存表中的数据 `act_ru_task`
--

INSERT INTO `act_ru_task` (`ID_`, `REV_`, `EXECUTION_ID_`, `PROC_INST_ID_`, `PROC_DEF_ID_`, `NAME_`, `PARENT_TASK_ID_`, `DESCRIPTION_`, `TASK_DEF_KEY_`, `OWNER_`, `ASSIGNEE_`, `DELEGATION_`, `PRIORITY_`, `CREATE_TIME_`, `DUE_DATE_`, `CATEGORY_`, `SUSPENSION_STATE_`, `TENANT_ID_`, `FORM_KEY_`) VALUES
('31cee29b-2ffe-11e7-990a-fcaa14cc3198', 1, '25c0473b-3e81-11e6-a7d8-408d5c90f72f', '25c0473b-3e81-11e6-a7d8-408d5c90f72f', 'leave:1:30b0b27e-3e79-11e6-a463-408d5c90f72f', '人事审批', NULL, NULL, 'hrAudit', NULL, NULL, NULL, 50, '2017-05-03 12:44:06.193', NULL, NULL, 1, '', NULL),
('4d0a85fc-3e80-11e6-851a-408d5c90f72f', 3, '4d06dc77-3e80-11e6-851a-408d5c90f72f', '4d06dc77-3e80-11e6-851a-408d5c90f72f', 'leave:1:30b0b27e-3e79-11e6-a463-408d5c90f72f', '部门领导审批', NULL, NULL, 'deptLeaderAudit', NULL, 'admin', NULL, 50, '2016-06-30 05:05:45.065', NULL, NULL, 2, '', NULL),
('7da0e439-3ea9-11e6-a116-408d5c90f72f', 2, '1fa09304-3e7d-11e6-8440-408d5c90f72f', '1fa09304-3e7d-11e6-8440-408d5c90f72f', 'leave:1:30b0b27e-3e79-11e6-a463-408d5c90f72f', '人事审批', NULL, NULL, 'hrAudit', NULL, 'admin', NULL, 50, '2016-06-30 10:00:35.947', NULL, NULL, 1, '', NULL),
('8057038e-3ea9-11e6-a116-408d5c90f72f', 2, '25b629f0-3e80-11e6-851a-408d5c90f72f', '25b629f0-3e80-11e6-851a-408d5c90f72f', 'leave:1:30b0b27e-3e79-11e6-a463-408d5c90f72f', '人事审批', NULL, NULL, 'hrAudit', NULL, 'admin', NULL, 50, '2016-06-30 10:00:40.496', NULL, NULL, 1, '', NULL),
('922dd123-3ea9-11e6-a116-408d5c90f72f', 2, 'd83e508b-3e7f-11e6-8440-408d5c90f72f', 'd83e508b-3e7f-11e6-8440-408d5c90f72f', 'leave:1:30b0b27e-3e79-11e6-a463-408d5c90f72f', '人事审批', NULL, NULL, 'hrAudit', NULL, 'demo', NULL, 50, '2016-06-30 10:01:10.425', NULL, NULL, 1, '', NULL),
('95735f38-3ea9-11e6-a116-408d5c90f72f', 1, '3d42bd74-3e92-11e6-bf16-408d5c90f72f', '3d42bd74-3e92-11e6-bf16-408d5c90f72f', 'leave:1:30b0b27e-3e79-11e6-a463-408d5c90f72f', '人事审批', NULL, NULL, 'hrAudit', NULL, NULL, NULL, 50, '2016-06-30 10:01:15.914', NULL, NULL, 1, '', NULL),
('b0082e86-49d4-11e7-ac81-fcaa14cc3198', 1, 'cc6c1564-3e80-11e6-a7d8-408d5c90f72f', 'cc6c1564-3e80-11e6-a7d8-408d5c90f72f', 'leave:1:30b0b27e-3e79-11e6-a463-408d5c90f72f', '销假', NULL, NULL, 'reportBack', NULL, 'admin', NULL, 50, '2017-06-05 09:52:29.331', NULL, NULL, 1, '', NULL);

-- --------------------------------------------------------

--
-- 表的结构 `act_ru_variable`
--

CREATE TABLE IF NOT EXISTS `act_ru_variable` (
  `ID_` varchar(64) COLLATE utf8_bin NOT NULL,
  `REV_` int(11) DEFAULT NULL,
  `TYPE_` varchar(255) COLLATE utf8_bin NOT NULL,
  `NAME_` varchar(255) COLLATE utf8_bin NOT NULL,
  `EXECUTION_ID_` varchar(64) COLLATE utf8_bin DEFAULT NULL,
  `PROC_INST_ID_` varchar(64) COLLATE utf8_bin DEFAULT NULL,
  `TASK_ID_` varchar(64) COLLATE utf8_bin DEFAULT NULL,
  `BYTEARRAY_ID_` varchar(64) COLLATE utf8_bin DEFAULT NULL,
  `DOUBLE_` double DEFAULT NULL,
  `LONG_` bigint(20) DEFAULT NULL,
  `TEXT_` varchar(4000) COLLATE utf8_bin DEFAULT NULL,
  `TEXT2_` varchar(4000) COLLATE utf8_bin DEFAULT NULL,
  PRIMARY KEY (`ID_`),
  KEY `ACT_IDX_VARIABLE_TASK_ID` (`TASK_ID_`),
  KEY `ACT_FK_VAR_EXE` (`EXECUTION_ID_`),
  KEY `ACT_FK_VAR_PROCINST` (`PROC_INST_ID_`),
  KEY `ACT_FK_VAR_BYTEARRAY` (`BYTEARRAY_ID_`)
) ENGINE=InnoDB DEFAULT CHARSET=utf8 COLLATE=utf8_bin;

--
-- 转存表中的数据 `act_ru_variable`
--

INSERT INTO `act_ru_variable` (`ID_`, `REV_`, `TYPE_`, `NAME_`, `EXECUTION_ID_`, `PROC_INST_ID_`, `TASK_ID_`, `BYTEARRAY_ID_`, `DOUBLE_`, `LONG_`, `TEXT_`, `TEXT2_`) VALUES
('00f6d44a-49d4-11e7-ac81-fcaa14cc3198', 1, 'boolean', 'deptLeaderPass', 'cc6c1564-3e80-11e6-a7d8-408d5c90f72f', 'cc6c1564-3e80-11e6-a7d8-408d5c90f72f', NULL, NULL, NULL, 1, NULL, NULL),
('1fa09305-3e7d-11e6-8440-408d5c90f72f', 1, 'string', 'applyUserId', '1fa09304-3e7d-11e6-8440-408d5c90f72f', '1fa09304-3e7d-11e6-8440-408d5c90f72f', NULL, NULL, NULL, NULL, 'admin', NULL),
('25b65101-3e80-11e6-851a-408d5c90f72f', 1, 'string', 'applyUserId', '25b629f0-3e80-11e6-851a-408d5c90f72f', '25b629f0-3e80-11e6-851a-408d5c90f72f', NULL, NULL, NULL, NULL, 'admin', NULL),
('25c0473c-3e81-11e6-a7d8-408d5c90f72f', 1, 'string', 'applyUserId', '25c0473b-3e81-11e6-a7d8-408d5c90f72f', '25c0473b-3e81-11e6-a7d8-408d5c90f72f', NULL, NULL, NULL, NULL, 'admin', NULL),
('31ae6248-2ffe-11e7-990a-fcaa14cc3198', 1, 'boolean', 'deptLeaderPass', '25c0473b-3e81-11e6-a7d8-408d5c90f72f', '25c0473b-3e81-11e6-a7d8-408d5c90f72f', NULL, NULL, NULL, 1, NULL, NULL),
('3d42e485-3e92-11e6-bf16-408d5c90f72f', 1, 'string', 'applyUserId', '3d42bd74-3e92-11e6-bf16-408d5c90f72f', '3d42bd74-3e92-11e6-bf16-408d5c90f72f', NULL, NULL, NULL, NULL, 'admin', NULL),
('4d072a98-3e80-11e6-851a-408d5c90f72f', 1, 'string', 'applyUserId', '4d06dc77-3e80-11e6-851a-408d5c90f72f', '4d06dc77-3e80-11e6-851a-408d5c90f72f', NULL, NULL, NULL, NULL, 'admin', NULL),
('7d9a0666-3ea9-11e6-a116-408d5c90f72f', 1, 'boolean', 'deptLeaderPass', '1fa09304-3e7d-11e6-8440-408d5c90f72f', '1fa09304-3e7d-11e6-8440-408d5c90f72f', NULL, NULL, NULL, 1, NULL, NULL),
('80541d5b-3ea9-11e6-a116-408d5c90f72f', 1, 'boolean', 'deptLeaderPass', '25b629f0-3e80-11e6-851a-408d5c90f72f', '25b629f0-3e80-11e6-851a-408d5c90f72f', NULL, NULL, NULL, 1, NULL, NULL),
('922aeaf0-3ea9-11e6-a116-408d5c90f72f', 1, 'boolean', 'deptLeaderPass', 'd83e508b-3e7f-11e6-8440-408d5c90f72f', 'd83e508b-3e7f-11e6-8440-408d5c90f72f', NULL, NULL, NULL, 1, NULL, NULL),
('957051f5-3ea9-11e6-a116-408d5c90f72f', 1, 'boolean', 'deptLeaderPass', '3d42bd74-3e92-11e6-bf16-408d5c90f72f', '3d42bd74-3e92-11e6-bf16-408d5c90f72f', NULL, NULL, NULL, 1, NULL, NULL),
('affdce43-49d4-11e7-ac81-fcaa14cc3198', 1, 'boolean', 'hrPass', 'cc6c1564-3e80-11e6-a7d8-408d5c90f72f', 'cc6c1564-3e80-11e6-a7d8-408d5c90f72f', NULL, NULL, NULL, 1, NULL, NULL),
('cc6c3c75-3e80-11e6-a7d8-408d5c90f72f', 1, 'string', 'applyUserId', 'cc6c1564-3e80-11e6-a7d8-408d5c90f72f', 'cc6c1564-3e80-11e6-a7d8-408d5c90f72f', NULL, NULL, NULL, NULL, 'admin', NULL),
('d83e779c-3e7f-11e6-8440-408d5c90f72f', 1, 'string', 'applyUserId', 'd83e508b-3e7f-11e6-8440-408d5c90f72f', 'd83e508b-3e7f-11e6-8440-408d5c90f72f', NULL, NULL, NULL, NULL, 'admin', NULL);

-- --------------------------------------------------------

--
-- 表的结构 `s_accessory`
--

CREATE TABLE IF NOT EXISTS `s_accessory` (
  `id` bigint(20) NOT NULL AUTO_INCREMENT,
  `title` varchar(255) DEFAULT NULL,
  `parent_id` bigint(20) DEFAULT NULL,
  `size` bigint(20) DEFAULT NULL,
  `type` int(11) DEFAULT NULL,
  `path` varchar(255) DEFAULT NULL,
  `user_id` bigint(20) DEFAULT NULL,
  `user_name` varchar(255) DEFAULT NULL,
  `upload_time` datetime DEFAULT NULL,
  PRIMARY KEY (`id`)
) ENGINE=InnoDB  DEFAULT CHARSET=utf8 AUTO_INCREMENT=1094 ;

--
-- 转存表中的数据 `s_accessory`
--

INSERT INTO `s_accessory` (`id`, `title`, `parent_id`, `size`, `type`, `path`, `user_id`, `user_name`, `upload_time`) VALUES
(997, 'profile-cover.jpg', NULL, 76707, 1, 'files/20160621/KeuqMU60Qd.jpg', 1, '管理员', NULL),
(998, 'profile-cover.jpg', NULL, 76707, 1, 'files/20160621/oGDc95XA50.jpg', 1, '管理员', '2016-06-21 12:23:44'),
(999, 'face4.jpg', NULL, 6309, 1, 'files/20160621/kCQaxSEnrV.jpg', 1, '管理员', '2016-06-21 12:23:54'),
(1000, '汤宏.jpg', NULL, 41135, 1, 'files/20160621/4LSxWVZ3Cv.jpg', 1, '管理员', '2016-06-21 13:36:56'),
(1001, '{D0587486-AA50-47CE-B091-18AE5684FB6B}.jpg', NULL, 8685, 1, 'files/20160621/jQ5RFxJk3F.jpg', 1, '管理员', '2016-06-21 13:40:39'),
(1002, 'u=1705687895,1057078379&fm=21&gp=0.jpg', NULL, 14935, 1, 'files/20160621/rZjRX1EFX7.jpg', 1, '管理员', '2016-06-21 13:47:55'),
(1003, '{D0587486-AA50-47CE-B091-18AE5684FB6B}.jpg', NULL, 8685, 1, 'files/20160621/alS6cxmkKi.jpg', 1, '管理员', '2016-06-21 13:48:58'),
(1004, 'u=1705687895,1057078379&fm=21&gp=0.jpg', NULL, 14935, 1, 'files/20160621/zcNInpcsd7.jpg', 1, '管理员', '2016-06-21 13:50:50'),
(1005, 'u=1705687895,1057078379&fm=21&gp=0.jpg', NULL, 14935, 1, 'files/20160621/klOtsmPl6u.jpg', 1, '管理员', '2016-06-21 13:53:36'),
(1006, 'u=1705687895,1057078379&fm=21&gp=0.jpg', NULL, 14935, 1, 'files/20160621/1PejP9oP9i.jpg', 1, '管理员', '2016-06-21 13:55:00'),
(1007, '{D0587486-AA50-47CE-B091-18AE5684FB6B}.jpg', NULL, 8685, 1, 'files/20160621/sJldHE2EnX.jpg', 1, '管理员', '2016-06-21 13:56:17'),
(1008, 'u=1705687895,1057078379&fm=21&gp=0.jpg', NULL, 14935, 1, 'files/20160621/KWxGulFgyl.jpg', 1, '管理员', '2016-06-21 13:56:41'),
(1009, '{D0587486-AA50-47CE-B091-18AE5684FB6B}.jpg', NULL, 8685, 1, 'files/20160621/WcTEfRFv5G.jpg', 1, '管理员', '2016-06-21 13:56:59'),
(1010, 'u=1705687895,1057078379&fm=21&gp=0.jpg', NULL, 14935, 1, 'files/20160621/uIL7qmQ5NT.jpg', 1, '管理员', '2016-06-21 13:57:10'),
(1011, 'u=1705687895,1057078379&fm=21&gp=0.jpg', NULL, 14935, 1, 'files/20160621/7Ap2Olngn7.jpg', 1, '管理员', '2016-06-21 13:59:58'),
(1012, '{D0587486-AA50-47CE-B091-18AE5684FB6B}.jpg', NULL, 8685, 1, 'files/20160621/0G5txh2t9m.jpg', 1, '管理员', '2016-06-21 14:00:06'),
(1013, 'u=1705687895,1057078379&fm=21&gp=0.jpg', NULL, 14935, 1, 'files/20160621/skKon4MOxb.jpg', 1, '管理员', '2016-06-21 14:37:48'),
(1014, '{D0587486-AA50-47CE-B091-18AE5684FB6B}.jpg', NULL, 8685, 1, 'files/20160621/oetAnRLwmp.jpg', 1, '管理员', '2016-06-21 14:37:53'),
(1015, 'u=1705687895,1057078379&fm=21&gp=0.jpg', NULL, 14935, 1, 'files/20160621/Et0UbnUByW.jpg', 1, '管理员', '2016-06-21 14:39:07'),
(1016, 'u=1705687895,1057078379&fm=21&gp=0.jpg', NULL, 14935, 1, 'files/20160621/2q14zwR4Cd.jpg', 1, '管理员', '2016-06-21 14:39:24'),
(1017, 'u=1705687895,1057078379&fm=21&gp=0.jpg', NULL, 14935, 1, 'files/20160621/Q0wJWEeBJs.jpg', 1, '管理员', '2016-06-21 14:40:04'),
(1018, 'u=1705687895,1057078379&fm=21&gp=0.jpg', NULL, 14935, 1, 'files/20160621/B3758j9kxq.jpg', 1, '管理员', '2016-06-21 14:41:15'),
(1019, 'u=1705687895,1057078379&fm=21&gp=0.jpg', NULL, 14935, 1, 'files/20160621/sLGjt1MwHz.jpg', 1, '管理员', '2016-06-21 14:43:38'),
(1020, 'u=1705687895,1057078379&fm=21&gp=0.jpg', NULL, 14935, 1, 'files/20160621/G7qfgkBcI7.jpg', 1, '管理员', '2016-06-21 14:46:29'),
(1021, 'u=1705687895,1057078379&fm=21&gp=0.jpg', NULL, 14935, 1, 'files/20160621/2IpoJvOlYx.jpg', 1, '管理员', '2016-06-21 14:49:24'),
(1022, 'u=1705687895,1057078379&fm=21&gp=0.jpg', NULL, 14935, 1, 'files/20160621/KYdqQSeEwy.jpg', 1, '管理员', '2016-06-21 14:49:45'),
(1023, 'u=1705687895,1057078379&fm=21&gp=0.jpg', NULL, 14935, 1, 'files/20160621/Sbpjr1tdqk.jpg', 1, '管理员', '2016-06-21 15:08:44'),
(1024, 'u=1705687895,1057078379&fm=21&gp=0.jpg', NULL, 14935, 1, 'files/20160621/CB3v8KuXuo.jpg', 1, '管理员', '2016-06-21 15:09:49'),
(1025, '{D0587486-AA50-47CE-B091-18AE5684FB6B}.jpg', NULL, 8685, 1, 'files/20160621/oEln2fxEGm.jpg', 1, '管理员', '2016-06-21 15:10:43'),
(1026, 'u=1705687895,1057078379&fm=21&gp=0.jpg', NULL, 14935, 1, 'files/20160621/6Kxq2I5squ.jpg', 1, '管理员', '2016-06-21 15:11:08'),
(1027, 'u=1705687895,1057078379&fm=21&gp=0.jpg', NULL, 14935, 1, 'files/20160621/vRnXBGTNhG.jpg', 1, '管理员', '2016-06-21 15:29:20'),
(1028, 'u=1705687895,1057078379&fm=21&gp=0.jpg', NULL, 14935, 1, 'files/20160621/V0GDzQP3e9.jpg', 1, '管理员', '2016-06-21 15:30:02'),
(1029, 'u=1705687895,1057078379&fm=21&gp=0.jpg', NULL, 14935, 1, 'files/20160621/yFyyVY6I2j.jpg', 1, '管理员', '2016-06-21 15:31:16'),
(1030, 'u=1705687895,1057078379&fm=21&gp=0.jpg', NULL, 14935, 1, 'files/20160621/sqXdILUDUh.jpg', 1, '管理员', '2016-06-21 15:31:56'),
(1031, 'u=1705687895,1057078379&fm=21&gp=0.jpg', NULL, 14935, 1, 'files/20160621/ICEvO3EZeC.jpg', 1, '管理员', '2016-06-21 15:34:07'),
(1043, 'u=1705687895,1057078379&fm=21&gp=0.jpg', NULL, 14935, 1, 'files/20160621/O64h0VmEJw.jpg', 1, '管理员', '2016-06-21 16:02:46'),
(1044, 'u=1705687895,1057078379&fm=21&gp=0.jpg', NULL, 14935, 1, 'files/20160621/qyKfY1PNoZ.jpg', 1, '管理员', '2016-06-21 16:03:06'),
(1057, 'u=1705687895,1057078379&fm=21&gp=0.jpg', NULL, 14935, 1, 'files/20160621/azg8ZJA6MP.jpg', 1, '管理员', '2016-06-21 16:24:35'),
(1058, '{D0587486-AA50-47CE-B091-18AE5684FB6B}.jpg', NULL, 8685, 1, 'files/20160621/N1mWxZQyJH.jpg', 1, '管理员', '2016-06-21 16:24:37'),
(1059, '{D0587486-AA50-47CE-B091-18AE5684FB6B}.jpg', NULL, 8685, 1, 'files/20160621/yp0nKRnCM4.jpg', 1, '管理员', '2016-06-21 16:25:36'),
(1060, 'u=1705687895,1057078379&fm=21&gp=0.jpg', NULL, 14935, 1, 'files/20160621/ph8xACrl9Y.jpg', 1, '管理员', '2016-06-21 16:25:39'),
(1061, 'u=1705687895,1057078379&fm=21&gp=0.jpg', NULL, 14935, 1, 'files/20160621/6VSbILWyoJ.jpg', 1, '管理员', '2016-06-21 16:50:09'),
(1062, '{D0587486-AA50-47CE-B091-18AE5684FB6B}.jpg', NULL, 8685, 1, 'files/20160621/HpzSYG4QAb.jpg', 1, '管理员', '2016-06-21 16:50:11'),
(1063, '{D0587486-AA50-47CE-B091-18AE5684FB6B}.jpg', NULL, 8685, 1, 'files/20160621/HgXsAPwt2a.jpg', 1, '管理员', '2016-06-21 16:53:04'),
(1064, 'u=1705687895,1057078379&fm=21&gp=0.jpg', NULL, 14935, 1, 'files/20160621/J10BlRlJrG.jpg', 1, '管理员', '2016-06-21 16:53:04'),
(1065, '{D0587486-AA50-47CE-B091-18AE5684FB6B}.jpg', NULL, 8685, 1, 'files/20160621/RubghdYwl5.jpg', 1, '管理员', '2016-06-21 16:54:15'),
(1066, 'u=1705687895,1057078379&fm=21&gp=0.jpg', NULL, 14935, 1, 'files/20160621/aUWAPYKxjv.jpg', 1, '管理员', '2016-06-21 16:54:15'),
(1067, '{D0587486-AA50-47CE-B091-18AE5684FB6B}.jpg', NULL, 8685, 1, 'files/20160621/W2bvqhXjbl.jpg', 1, '管理员', '2016-06-21 16:56:05'),
(1068, 'u=1705687895,1057078379&fm=21&gp=0.jpg', NULL, 14935, 1, 'files/20160621/5KJF2izjBV.jpg', 1, '管理员', '2016-06-21 16:56:06'),
(1069, 'u=1705687895,1057078379&fm=21&gp=0.jpg', NULL, 14935, 1, 'files/20160621/XfyNjkgZ56.jpg', 1, '管理员', '2016-06-21 17:00:33'),
(1071, 'u=1705687895,1057078379&fm=21&gp=0.jpg', NULL, 14935, 1, 'files/20160621/kvAPoUdXIR.jpg', 1, '管理员', '2016-06-21 17:31:32'),
(1081, '{D0587486-AA50-47CE-B091-18AE5684FB6B}.jpg', NULL, 8685, 1, 'upload/image/20160621/n60Is6kLze.jpg', 1, '管理员', '2016-06-21 17:44:29'),
(1089, 'u=1235559109,2145725909&fm=80.jpg', NULL, 9701, 1, 'upload/image/20160708/hBVyZ6inbZ.jpg', 1, '管理员', '2016-07-08 22:47:38'),
(1090, 'u=1235559109,2145725909&fm=80.jpg', NULL, 9701, 1, 'upload/image/20160708/dGoJG9EQOJ.jpg', 1, '管理员', '2016-07-08 22:47:56'),
(1091, '20140221115607399.jpg', NULL, 66502, 1, 'upload/image/20170429/OurNxiZ314.jpg', 1, '管理员', '2017-04-29 19:36:04'),
(1092, '141319D5429510-W1430.jpg', NULL, 138962, 1, 'upload/image/20170430/fKmUaKiIRq.jpg', 1, '管理员', '2017-04-30 18:29:07'),
(1093, '141319D54122P-U6407.jpg', NULL, 90208, 1, 'upload/image/20170430/EZAQYjfVbq.jpg', 1, '管理员', '2017-04-30 18:42:56');

-- --------------------------------------------------------

--
-- 表的结构 `s_config`
--

CREATE TABLE IF NOT EXISTS `s_config` (
  `id` int(10) unsigned NOT NULL AUTO_INCREMENT,
  `config_key` varchar(30) NOT NULL DEFAULT '' COMMENT '标识',
  `name` varchar(50) NOT NULL DEFAULT '' COMMENT '名称',
  `value` text,
  `remark` varchar(100) NOT NULL DEFAULT '' COMMENT '说明',
  `type_id` smallint(5) unsigned NOT NULL DEFAULT '0' COMMENT '类型',
  `group_id` smallint(5) unsigned NOT NULL DEFAULT '0' COMMENT '分组',
  `sort` smallint(3) unsigned NOT NULL DEFAULT '0',
  `status` tinyint(1) DEFAULT NULL,
  PRIMARY KEY (`id`),
  UNIQUE KEY `name` (`config_key`) USING BTREE,
  KEY `typeid` (`type_id`) USING BTREE,
  KEY `groupid` (`group_id`) USING BTREE
) ENGINE=MyISAM  DEFAULT CHARSET=utf8 COMMENT='配置项' AUTO_INCREMENT=44 ;

--
-- 转存表中的数据 `s_config`
--

INSERT INTO `s_config` (`id`, `config_key`, `name`, `value`, `remark`, `type_id`, `group_id`, `sort`, `status`) VALUES
(1, 'CFG_WEBNAME', '网站名称', '汤宏个人网站', '', 2, 1, 0, NULL),
(2, 'CFG_WEBURL', '网站域名', 'http://www.tanghom.cn', '', 2, 1, 0, NULL),
(3, 'CFG_WEBTITLE', '网站标题', '汤宏个人网站', '站点首页title(SEO)的设置', 2, 1, 0, NULL),
(4, 'CFG_KEYWORDS', '站点关键词', '汤宏,tanghom,汤大湿,汤大师,成都汤宏,JAVA程序员,JAVA软件开发,汤宏网站,汤宏博客,汤宏个人站,汤宏是谁,汤宏简历', '', 2, 1, 0, NULL),
(5, 'CFG_DESCRIPTION', '站点描述', '汤宏，软件开发工程师，现就职于成都顶呱呱集团，主要从事JAVA WEB开发工作，熟练使用JAVA WEB相关框架，如Spring、Hibernate、Mybatis、Apache Shiro等，熟练使用Android，PHP，Python，HTML，CSS，javascript,JQuery,AngularJS等常用语言或框架。', '', 3, 1, 0, NULL),
(6, 'CFG_THEMESTYLE', '模板风格', 'my', '', 2, 1, 0, NULL),
(7, 'CFG_COOKIE_ENCODE', 'cookie加密码', 'yqzy3X1Dw', '', 2, 1, 0, NULL),
(8, 'CFG_POWERBY', '网站版权信息', 'Copyright © 2015 tanghom.cn. 汤宏个人站 版权所有', '', 3, 1, 0, NULL),
(9, 'CFG_STATS', '网站统计', '<script>\r\nvar _hmt = _hmt || [];\r\n(function() {\r\n  var hm = document.createElement("script");\r\n  hm.src = "//hm.baidu.com/hm.js?9a8424188ebd4f58ff389082e1605150";\r\n  var s = document.getElementsByTagName("script")[0]; \r\n  s.parentNode.insertBefore(hm, s);\r\n})();\r\n</script>', '', 3, 1, 0, NULL),
(10, 'CFG_BEIAN', '网站备案号', '蜀ICP备14021830号-1', '', 2, 1, 0, NULL),
(11, 'CFG_ADDRESS', '联系地址', '成都市', '', 2, 1, 0, NULL),
(12, 'CFG_PHONE', '联系电话', '028-88888888', '', 2, 1, 0, NULL),
(13, 'CFG_WEBSITE_CLOSE', '关闭网站', '1', '', 4, 2, 0, NULL),
(14, 'CFG_WEBSITE_CLOSE_INFO', '关站提示', '站点维护中，请稍等一会...', '', 3, 2, 0, NULL),
(15, 'CFG_MOBILE_AUTO', '手机版开启', '0', '', 4, 2, 1, NULL),
(16, 'CFG_EMAIL_FROM', '发件邮箱地址', 'ddend@qq.com', '', 2, 3, 0, NULL),
(17, 'CFG_EMAIL_FROM_NAME', '发件人名称', '站名', '', 2, 3, 0, NULL),
(18, 'CFG_EMAIL_HOST', 'STMP服务器', 'smtp.exmail.qq.com', '', 2, 3, 0, NULL),
(19, 'CFG_EMAIL_PORT', '服务器端口', '25', '', 1, 3, 0, NULL),
(20, 'CFG_EMAIL_LOGINNAME', '邮箱帐号', 'ddend@qq.com', '', 2, 3, 0, NULL),
(21, 'CFG_EMAIL_PASSWORD', '邮箱密码', '123zstQhz4', '', 2, 3, 0, NULL),
(22, 'CFG_BADWORD', '禁用词语', '艾滋病|中国共产党|111111111', '', 3, 2, 0, NULL),
(23, 'CFG_FEEDBACK_GUEST', '允许匿名评论', '0', '', 4, 2, 0, NULL),
(24, 'CFG_MEMBER_OPEN', '开启会员功能', '1', '', 4, 5, 0, NULL),
(25, 'CFG_MEMBER_VERIFYEMAIL', ' 开启邮件验证', '0', '', 4, 5, 0, NULL),
(26, 'CFG_MEMBER_NOTALLOW', '禁止使用的昵称', 'www,bbs,ftp,mail,user,users,admin,administrator,root', '', 3, 5, 0, NULL),
(27, 'CFG_UPLOAD_MAXSIZE', '允许上传大小', '2048', 'KB', 1, 4, 0, NULL),
(28, 'CFG_IMGTHUMB_SIZE', '缩略图组尺寸', '300X300', '', 2, 4, 0, NULL),
(29, 'CFG_IMGTHUMB_TYPE', '缩略图生成方式', '0', '固定大小截取 ,原图等比例缩略', 4, 4, 0, NULL),
(30, 'CFG_IMGTHUMB_WIDTH', '固宽缩略图组长度', '600', '固定宽度等比缩略,如60,50', 2, 4, 0, NULL),
(31, 'CFG_UPLOAD_ROOTPATH', '上传根目录', './uploads/', '', 2, 4, 0, NULL),
(32, 'CFG_UPLOAD_FILE_EXT', '允许附件类型', 'jpg,gif,png,jpeg,txt,doc,docx,xls,ppt,zip,rar,mp3', '', 3, 4, 0, NULL),
(33, 'CFG_UPLOAD_IMG_EXT', '允许图片类型', 'jpg,gif,png,jpeg', '带缩略图的图片', 2, 4, 0, NULL),
(34, 'CFG_VERIFY_REGISTER', '开启注册验证码', '1', '', 4, 2, 0, NULL),
(35, 'CFG_VERIFY_LOGIN', '开启登录验证码', '1', '', 4, 2, 0, NULL),
(36, 'CFG_VERIFY_GUESTBOOK', '开启留言板验证码', '1', '', 4, 2, 0, NULL),
(37, 'CFG_VERIFY_REVIEW', '开启评论验证码', '1', '', 4, 2, 0, NULL),
(38, 'CFG_SQL_FILESIZE', 'sql文件大小', '', '备份数据库，值不可太大，否则会导致内存溢出备份、恢复失败，合理大小在512K~10M间，建议3M一卷。单位字节,5M=5*1024*1024=5242880', 1, 6, 0, NULL),
(39, 'CFG_DOWNLOAD_HIDE', '隐藏下载地址', '0', '', 4, 4, 0, NULL),
(40, 'CFG_MOBILE_THEMESTYLE', '手机模板风格', '222', '', 2, 2, 1, NULL),
(41, 'CFG_MOBILE', '手机', '1388888888', '', 2, 1, 0, NULL),
(42, 'CFG_EMAIL', '邮箱', '', '', 2, 1, 0, NULL),
(43, 'CFG_FAX', '传真', '', '', 2, 1, 0, NULL);

-- --------------------------------------------------------

--
-- 表的结构 `s_item_group`
--

CREATE TABLE IF NOT EXISTS `s_item_group` (
  `id` int(10) unsigned NOT NULL AUTO_INCREMENT,
  `group_key` varchar(20) NOT NULL,
  `name` varchar(20) DEFAULT '',
  `remark` varchar(255) DEFAULT NULL,
  `status` tinyint(1) unsigned DEFAULT NULL,
  `sort` int(11) NOT NULL DEFAULT '0',
  PRIMARY KEY (`id`)
) ENGINE=MyISAM  DEFAULT CHARSET=utf8 AUTO_INCREMENT=10 ;

--
-- 转存表中的数据 `s_item_group`
--

INSERT INTO `s_item_group` (`id`, `group_key`, `name`, `remark`, `status`, `sort`) VALUES
(1, 'flagtype', '文档属性', NULL, 1, 0),
(2, 'blocktype', '自由块类别', NULL, 1, 0),
(3, 'softtype', '软件类型', NULL, 1, 0),
(4, 'softlanguage', '软件语言', NULL, 1, 0),
(5, 'star', '星座', NULL, 1, 0),
(6, 'animal', '生肖', NULL, 1, 0),
(7, 'education', '教育程度', NULL, 1, 0),
(8, 'configgroup', '配置分组', NULL, 1, 0),
(9, 'configtype', '配置变量类型', NULL, 1, 0);

-- --------------------------------------------------------

--
-- 表的结构 `s_item_info`
--

CREATE TABLE IF NOT EXISTS `s_item_info` (
  `id` int(10) unsigned NOT NULL AUTO_INCREMENT,
  `name` varchar(20) NOT NULL,
  `value` int(11) NOT NULL DEFAULT '0',
  `group_key` varchar(20) NOT NULL,
  `group_id` int(10) unsigned NOT NULL DEFAULT '0',
  `sort` smallint(6) NOT NULL DEFAULT '0' COMMENT '排序',
  `status` tinyint(1) DEFAULT NULL,
  PRIMARY KEY (`id`)
) ENGINE=MyISAM  DEFAULT CHARSET=utf8 AUTO_INCREMENT=56 ;

--
-- 转存表中的数据 `s_item_info`
--

INSERT INTO `s_item_info` (`id`, `name`, `value`, `group_key`, `group_id`, `sort`, `status`) VALUES
(1, '图片', 1, 'flagtype', 1, 0, 1),
(2, '头条', 2, 'flagtype', 1, 0, 1),
(3, '推荐', 4, 'flagtype', 1, 0, 1),
(4, '特荐', 8, 'flagtype', 1, 0, 1),
(5, '幻灯', 16, 'flagtype', 1, 0, 1),
(6, '跳转', 32, 'flagtype', 1, 0, 1),
(7, '其他', 64, 'flagtype', 1, 0, 1),
(8, '文字', 1, 'blocktype', 2, 0, 1),
(9, '图片', 2, 'blocktype', 2, 0, 1),
(10, '丰富', 3, 'blocktype', 2, 0, 1),
(11, '国产', 1, 'softtype', 3, 0, 1),
(12, '中文版', 1, 'softlanguage', 4, 0, 1),
(13, '英文版', 2, 'softlanguage', 4, 0, 1),
(14, '多语言版', 3, 'softlanguage', 4, 0, 1),
(15, '白羊座', 1, 'star', 5, 0, 1),
(16, '金牛座', 2, 'star', 5, 0, 1),
(17, '双子座', 3, 'star', 5, 0, 1),
(18, '巨蟹座', 4, 'star', 5, 0, 1),
(19, '狮子座', 5, 'star', 5, 0, 1),
(20, '处女座', 6, 'star', 5, 0, 1),
(21, '天枰座', 7, 'star', 5, 0, 1),
(22, '天蝎座', 8, 'star', 5, 0, 1),
(23, '射手座', 9, 'star', 5, 0, 1),
(24, '摩羯座', 10, 'star', 5, 0, 1),
(25, '水瓶座', 11, 'star', 5, 0, 1),
(26, '双鱼座', 12, 'star', 5, 0, 1),
(27, '鼠', 1, 'animal', 6, 0, 1),
(28, '牛', 2, 'animal', 6, 0, 1),
(29, '虎', 3, 'animal', 6, 0, 1),
(30, '兔', 4, 'animal', 6, 0, 1),
(31, '龙', 5, 'animal', 6, 0, 1),
(32, '蛇', 6, 'animal', 6, 0, 1),
(33, '马', 7, 'animal', 6, 0, 1),
(34, '羊', 8, 'animal', 6, 0, 1),
(35, '猴', 9, 'animal', 6, 0, 1),
(36, '鸡', 10, 'animal', 6, 0, 1),
(37, '狗', 11, 'animal', 6, 0, 1),
(38, '猪', 12, 'animal', 6, 0, 1),
(39, '小学', 1, 'education', 7, 0, 1),
(40, '初中', 2, 'education', 7, 0, 1),
(41, '高中/中专', 3, 'education', 7, 0, 1),
(42, '大学专科', 4, 'education', 7, 0, 1),
(43, '大学本科', 5, 'education', 7, 0, 1),
(44, '硕士', 6, 'education', 7, 0, 1),
(45, '博士以上', 7, 'education', 7, 0, 1),
(46, '站点配置', 1, 'configgroup', 8, 0, 1),
(47, '核心配置', 2, 'configgroup', 8, 0, 1),
(48, '邮箱配置', 3, 'configgroup', 8, 0, 1),
(49, '上传配置', 4, 'configgroup', 8, 0, 1),
(50, '会员配置', 5, 'configgroup', 8, 0, 1),
(51, '其他配置', 6, 'configgroup', 8, 0, 1),
(52, '数字', 1, 'configtype', 9, 0, 1),
(53, '字符', 2, 'configtype', 9, 0, 1),
(54, '文本', 3, 'configtype', 9, 0, 1),
(55, '布尔(真假)', 4, 'configtype', 9, 0, 1);

-- --------------------------------------------------------

--
-- 表的结构 `s_organization`
--

CREATE TABLE IF NOT EXISTS `s_organization` (
  `id` int(11) NOT NULL AUTO_INCREMENT,
  `name` varchar(255) DEFAULT NULL,
  `description` varchar(255) DEFAULT NULL,
  `parent_id` int(11) DEFAULT NULL,
  `parent_name` varchar(255) DEFAULT NULL,
  `sort` int(11) DEFAULT NULL,
  `status` int(11) DEFAULT NULL,
  PRIMARY KEY (`id`)
) ENGINE=InnoDB  DEFAULT CHARSET=utf8 AUTO_INCREMENT=19 ;

--
-- 转存表中的数据 `s_organization`
--

INSERT INTO `s_organization` (`id`, `name`, `description`, `parent_id`, `parent_name`, `sort`, `status`) VALUES
(1, '技术中心', '技术中心', 0, '无上级', 998, 1),
(2, '商务中心2', NULL, 7, '无上级', 0, 1),
(3, '研发部', '研发部', 1, '无上级', 0, 1),
(4, '产品部', '产品部', 1, '无上级', 0, 1),
(5, '商务中心5', NULL, 7, '无上级', 0, 1),
(6, '商务中心6', NULL, 7, '无上级', 0, 1),
(7, '商务中心', '商务中心', 0, '无上级', 997, 1),
(8, '运营部', '运营部', 1, '无上级', 0, 1),
(9, 'QA部', 'QA部', 1, '无上级', 0, 1),
(10, '商务中心10', NULL, 7, '无上级', 0, 1),
(11, '商务中心11', NULL, 7, '无上级', 0, 1),
(12, '商务中心12', NULL, 7, '无上级', 0, 1),
(13, '商务中心13', NULL, 7, '无上级', 0, 1),
(14, '商务中心14', NULL, 7, '无上级', 0, 1),
(15, '总经办', '总经办', 0, '无上级', 999, 1),
(16, '职能部门', 'hfdhf', 0, '无上级', 0, 1),
(17, '行政部', '', 16, '无上级', 0, 1),
(18, '人事部', '', 16, '无上级', 0, 1);

-- --------------------------------------------------------

--
-- 表的结构 `s_resources`
--

CREATE TABLE IF NOT EXISTS `s_resources` (
  `id` int(11) NOT NULL AUTO_INCREMENT,
  `name` varchar(255) DEFAULT NULL,
  `res_key` varchar(255) DEFAULT NULL,
  `url` varchar(255) DEFAULT NULL,
  `parent_id` int(11) DEFAULT NULL,
  `sort` int(11) DEFAULT NULL,
  `type` int(11) DEFAULT NULL,
  `icon` varchar(255) DEFAULT NULL,
  `description` varchar(255) DEFAULT NULL,
  `status` int(11) DEFAULT NULL,
  PRIMARY KEY (`id`)
) ENGINE=InnoDB  DEFAULT CHARSET=utf8 AUTO_INCREMENT=53 ;

--
-- 转存表中的数据 `s_resources`
--

INSERT INTO `s_resources` (`id`, `name`, `res_key`, `url`, `parent_id`, `sort`, `type`, `icon`, `description`, `status`) VALUES
(1, '用户/部门/角色', 'system', '/', 38, 2, 1, 'fa-group', '', 1),
(2, '角色管理', 'role_set', '/role/list', 1, 1, 1, '', NULL, 1),
(3, '用户管理', 'user_set', '/user/list', 1, 2, 1, '', NULL, 1),
(4, '部门管理', 'organization_set', '/organization/index', 1, 3, 1, '', '', 1),
(5, '菜单管理', 'resources_set', '/resources/index', 24, 4, 1, '', '', 1),
(6, '系统监控', 'system_manager', '/', 0, 0, 1, 'fa-info', '', 1),
(7, '用户登录日志', 'login_log', '/log/login_log', 43, 0, 1, '', NULL, 1),
(8, '系统日志', 'system_log', '/log/system_log', 43, 0, 1, '', NULL, 1),
(9, '系统实时性能', 'monitor', '/monitor/chart', 42, 0, 1, '', NULL, 1),
(10, 'Druid监控', 'druid', '/druid/index', 42, 0, 1, '', '', 1),
(11, 'Restful API', 'rest_apis', '/swagger/index.html', 42, 4, 1, 'fa-code', '', 1),
(12, '待审批请假', '待审批请假', '/oa/leave/task/list', 33, 0, 1, 'fa-file-code-o', '', 1),
(13, '文章管理', 'article_manager', '/', 39, 0, 1, 'fa-file-text-o', '', 1),
(14, '文章列表', 'article_list_manager', '/article/list', 13, 0, 1, '', '', 1),
(15, '文章分类管理', 'article_category_manager', '/article_category/list', 13, 0, 1, '', '', 1),
(24, '扩展管理', 'kuozhan', '/', 38, 1, 1, 'fa-suitcase', '', 1),
(26, '联动选项管理', 'item_group', '/item/group_list', 24, 0, 1, '', NULL, 1),
(28, '系统配置', 'system_config', '/config/set', 24, 0, 1, 'fa-bug', '', 1),
(29, '系统配置项管理', 'system_config_setting', '/config/list', 24, 0, 1, '', NULL, 1),
(31, '我的请假', 'wodeqingjia', '/oa/leave/my_apply', 33, 0, 1, '', '', 1),
(33, '请假管理', 'leave_manage', '/', 39, 1, 1, 'fa-clock-o', '', 1),
(34, '工作流设置', 'workfolw', '/', 38, 0, 1, 'fa-lastfm', '', 1),
(35, '模型管理', 'act_re_model', '/workflow/model/list', 34, 0, 1, '', '', 1),
(36, '流程管理', 'process-list', '/workflow/process-list', 34, 0, 1, '', '', 1),
(37, '运行中流程', 'processinstance-running', '/workflow/processinstance/running', 34, 0, 1, NULL, NULL, 1),
(38, '系统配置', 'module_system', '/', 0, 1, 0, 'fa-cog', '', 1),
(39, 'OA', 'oa', '/', 0, 5, 0, 'fa-cubes', '', 1),
(40, '请假申请', 'apply', '/oa/leave/apply', 33, 0, 0, '', '', 1),
(41, '在线用户', 'online_user', '/user/online', 6, 0, 1, 'fa-eye', '', 1),
(42, '开发调试', 'developer_debug', '/', 6, 0, 0, 'fa-bug', '', 1),
(43, '日志', 'log_s', '/', 6, 0, 1, 'fa-file-text', '', 1),
(44, '简历中心', 'talent', '/oa/talent', 39, 0, 1, '', '简历和人才', 1),
(45, '简历列表', 'talent:list', '/oa/talent/list', 44, 0, 1, '', '', 1),
(46, 'OAuth', 'oauth', '/client_details', 0, 0, 0, 'fa_client', '', 1),
(47, '应用列表', 'client_details', 'http://localhost:8080/mollom/client_details', 46, 0, 1, '', '', 1),
(48, '应用测试', 'test_client', 'http://localhost:8080/mollom//client_details/test_client/test', 46, 0, 1, '', '', 1),
(49, 'OAuth测试', 'oauth_test', 'http://localhost:8080/mollom/pages/oauth_test.html', 46, 0, 1, '', '', 1),
(50, '简历解析', 'talent_input', '/oa/talent/parse', 44, 0, 0, '', '', 1),
(51, '内容管理', 'content', '/content', 0, 0, 0, 'fa-cubes', '', 1),
(52, '视频流', 'video-show', '/streamming/show', 51, 0, 1, '', '', 1);

-- --------------------------------------------------------

--
-- 表的结构 `s_role`
--

CREATE TABLE IF NOT EXISTS `s_role` (
  `id` int(11) NOT NULL AUTO_INCREMENT,
  `name` varchar(255) DEFAULT NULL,
  `role_key` varchar(255) DEFAULT NULL,
  `description` varchar(255) DEFAULT NULL,
  `status` int(11) DEFAULT NULL,
  `sort` int(11) DEFAULT NULL,
  PRIMARY KEY (`id`)
) ENGINE=InnoDB  DEFAULT CHARSET=utf8 AUTO_INCREMENT=5 ;

--
-- 转存表中的数据 `s_role`
--

INSERT INTO `s_role` (`id`, `name`, `role_key`, `description`, `status`, `sort`) VALUES
(1, '管理员', 'admin', '', 1, 0),
(2, '普通用户', 'user', NULL, 1, 0),
(3, '人事', 'hr', NULL, 1, 0),
(4, '管理者', 'deptLeader', '', 1, 0);

-- --------------------------------------------------------

--
-- 表的结构 `s_role_resources`
--

CREATE TABLE IF NOT EXISTS `s_role_resources` (
  `role_id` int(11) NOT NULL,
  `res_id` int(11) NOT NULL
) ENGINE=InnoDB DEFAULT CHARSET=utf8;

--
-- 转存表中的数据 `s_role_resources`
--

INSERT INTO `s_role_resources` (`role_id`, `res_id`) VALUES
(1, 39),
(1, 33),
(1, 12),
(1, 31),
(1, 40),
(1, 13),
(1, 14),
(1, 15),
(1, 38),
(1, 1),
(1, 4),
(1, 3),
(1, 2),
(1, 24),
(1, 5),
(1, 26),
(1, 28),
(1, 29),
(1, 34),
(1, 35),
(1, 36),
(1, 37),
(1, 6),
(1, 41),
(1, 42),
(1, 11),
(1, 9),
(1, 10),
(1, 43),
(1, 7),
(1, 8),
(4, 39),
(4, 33),
(4, 12),
(4, 31),
(4, 40),
(4, 13),
(4, 14),
(4, 15),
(3, 39),
(3, 33),
(3, 12),
(3, 31),
(3, 40),
(3, 44),
(3, 45),
(3, 50),
(3, 38),
(3, 1),
(3, 3),
(2, 39),
(2, 33),
(2, 31),
(2, 40),
(2, 13),
(2, 14),
(2, 15),
(2, 44),
(2, 45),
(2, 50);

-- --------------------------------------------------------

--
-- 表的结构 `s_user`
--

CREATE TABLE IF NOT EXISTS `s_user` (
  `id` int(11) NOT NULL AUTO_INCREMENT,
  `login_name` varchar(255) DEFAULT NULL,
  `login_pwd` varchar(255) DEFAULT NULL,
  `user_name` varchar(255) DEFAULT NULL,
  `organization_id` int(11) DEFAULT NULL,
  `organization_name` varchar(255) DEFAULT NULL,
  `phone` varchar(255) DEFAULT NULL,
  `email` varchar(255) DEFAULT NULL,
  `sex` varchar(255) DEFAULT NULL,
  `avator` varchar(255) DEFAULT NULL,
  `create_time` datetime DEFAULT NULL,
  `description` varchar(255) DEFAULT NULL,
  `status` int(11) DEFAULT NULL,
  PRIMARY KEY (`id`),
  KEY `FK_4u9uk8l8d0hl4kb612nd18e09` (`organization_id`)
) ENGINE=InnoDB  DEFAULT CHARSET=utf8 AUTO_INCREMENT=9 ;

--
-- 转存表中的数据 `s_user`
--

INSERT INTO `s_user` (`id`, `login_name`, `login_pwd`, `user_name`, `organization_id`, `organization_name`, `phone`, `email`, `sex`, `avator`, `create_time`, `description`, `status`) VALUES
(1, 'admin', 'e10adc3949ba59abbe56e057f20f883e', '管理员', 15, '总经办', '1861323645', NULL, '男', NULL, NULL, NULL, 1),
(2, 'tanghom', 'e10adc3949ba59abbe56e057f20f883e', '汤宏', 1, '技术中心', '', NULL, '男', NULL, NULL, NULL, 1),
(3, 'th', 'e10adc3949ba59abbe56e057f20f883e', '汤宏', 1, '技术中心', '', NULL, '男', NULL, NULL, NULL, 1),
(4, 'test1', 'e10adc3949ba59abbe56e057f20f883e', 'test1', 1, '技术中心', '', NULL, '男', NULL, NULL, NULL, 1),
(5, 'test2', 'e10adc3949ba59abbe56e057f20f883e', 'test2', 1, '技术中心', '', NULL, '男', NULL, NULL, NULL, 1),
(6, 'test3', 'e10adc3949ba59abbe56e057f20f883e', 'test3', 1, '技术中心', '', NULL, '男', NULL, NULL, NULL, 1),
(7, 'test4', 'e10adc3949ba59abbe56e057f20f883e', 'test4', 1, '技术中心', '', NULL, '男', NULL, NULL, NULL, 1),
(8, 'demo', 'fe01ce2a7fbac8fafaed7c982a04e229', 'demo', 3, '研发部', '', NULL, '男', NULL, '2017-05-12 10:11:56', NULL, 1);

-- --------------------------------------------------------

--
-- 表的结构 `s_user_role`
--

CREATE TABLE IF NOT EXISTS `s_user_role` (
  `user_id` int(10) NOT NULL,
  `role_id` int(10) NOT NULL,
  KEY `FK_6kp78v4d8o3ron7via6fji0h9` (`role_id`),
  KEY `FK_jxgmm3t1tthrpqn3sr988ci4k` (`user_id`)
) ENGINE=InnoDB DEFAULT CHARSET=utf8;

--
-- 转存表中的数据 `s_user_role`
--

INSERT INTO `s_user_role` (`user_id`, `role_id`) VALUES
(1, 1),
(2, 1),
(3, 1),
(4, 4),
(7, 3),
(6, 3),
(5, 2),
(8, 3);

-- --------------------------------------------------------

--
-- 表的结构 `t_article`
--

CREATE TABLE IF NOT EXISTS `t_article` (
  `id` int(11) NOT NULL AUTO_INCREMENT,
  `title` varchar(255) DEFAULT NULL,
  `content` text,
  `creater_id` int(11) DEFAULT NULL,
  `creater_name` varchar(255) DEFAULT NULL,
  `create_time` datetime DEFAULT NULL,
  `status` int(11) DEFAULT NULL,
  `sort` int(11) DEFAULT NULL,
  `category_id` int(11) DEFAULT NULL,
  `category_name` varchar(255) DEFAULT NULL,
  `file_ids` text,
  PRIMARY KEY (`id`)
) ENGINE=InnoDB  DEFAULT CHARSET=utf8 COMMENT='帖子' AUTO_INCREMENT=10 ;

--
-- 转存表中的数据 `t_article`
--

INSERT INTO `t_article` (`id`, `title`, `content`, `creater_id`, `creater_name`, `create_time`, `status`, `sort`, `category_id`, `category_name`, `file_ids`) VALUES
(1, '火灾的危害性', '<p></p><p><section class="xmyeditor"><section class="block-content" style="clear: both; position: relative; width: 100%; margin-right: auto; margin-left: auto; overflow: hidden;"><section style="position: static; margin-top: 0.5em; margin-bottom: 0.5em; text-align: center;" data-component-id="z2ZvlEz"><section style="border: 20px solid rgb(249, 110, 87); border-image-source: url(http://7xsdio.com1.z0.glb.clouddn.com/%E6%A0%87%E9%A2%98291.png); border-image-slice: 60;border-top: 0px;display: inline-block;min-width: 200px;"><p style="font-size: 20px; color: inherit; line-height: 1.75em; text-indent: 0em;"><span style="font-family:微软雅黑, Microsoft YaHei"><strong>测试</strong></span></p></section></section></section></section></p><p></p><p><br/></p><p style="margin-top: 20px; margin-bottom: 20px; white-space: normal;">1、火灾会造成惨重的直接财产损失</p><p style="margin-top: 20px; margin-bottom: 20px; white-space: normal;">2、火灾造成的间接财产损失更为严重</p><p style="margin-top: 20px; margin-bottom: 20px; white-space: normal;">3、火灾会造成大量的人员伤亡</p><p style="margin-top: 20px; margin-bottom: 20px; white-space: normal;">4、火灾会造成生态平衡的破坏</p><p style="margin-top: 20px; margin-bottom: 20px; white-space: normal;">5、火灾会造成不良的社会政治影响</p><p><br/></p><p><br/></p>', 1, '管理员', '2016-05-25 17:22:48', 1, 0, 1, '火灾的危害性', NULL),
(2, '日常生活中的消防常识', '<section class="articlee7" style="font-family: 微软雅黑;"><section class="e7editor" data-id="33" style="border: 0px none; padding: 0px; box-sizing: border-box; margin: 0px;"><h2 style="margin: 8px 0px 0px; padding: 0px; font-size: 16px; line-height: 28px; max-width: 100%; color: rgb(0, 112, 192); min-height: 32px; border-bottom-width: 2px; border-bottom-style: solid; border-bottom-color: rgb(0, 112, 192); text-align: justify;"><span class="autonum" placeholder="1" style="background-color:rgb(0, 112, 192); border-radius:80% 100% 90% 20%; color:rgb(255, 255, 255); display:block; float:left; line-height:20px; margin:0px 8px 0px 0px; max-width:100%; padding:4px 10px; word-wrap:break-word !important" data-original-title="" title="">1</span><strong class="e7brush" data-brushtype="text"><span style="font-family: Simsun; font-size: medium; line-height: normal;">日常中应该掌握哪些消防常识呢？</span></strong></h2></section><p style="font-family: Simsun; font-size: medium; white-space: normal; margin-top: 20px; margin-bottom: 20px; text-align: center;"><embed type="application/x-shockwave-flash" class="edui-faked-video" pluginspage="http://www.macromedia.com/go/getflashplayer" src="http://player.youku.com/player.php/sid/XMTU3Mzc5ODc1Ng==/v.swf" width="420" height="280" wmode="transparent" play="true" loop="false" menu="false" allowscriptaccess="never" allowfullscreen="true"/></p><p style="font-family: Simsun; font-size: medium; white-space: normal; margin-top: 20px; margin-bottom: 20px;">1、不玩火、不随意摆弄电器设备。</p><p style="font-family: Simsun; font-size: medium; white-space: normal; margin-top: 20px; margin-bottom: 20px;">2、不可将烟蒂、火柴杆等火种随意扔在废纸篓内或可燃杂物上，不要躺在床上或沙发上吸烟。</p><p style="font-family: Simsun; font-size: medium; white-space: normal; margin-top: 20px; margin-bottom: 20px;">3、在五级以上大风天或高火险等级天气，禁止使用以柴草、木材、木炭、煤炭等为燃料的用火行为，禁止室外吸烟和明火作业。</p><p style="font-family: Simsun; font-size: medium; white-space: normal; margin-top: 20px; margin-bottom: 20px;">4、入睡前，必须将用电器具断电、关闭燃气开关、消除遗留火种。用电设备长期不使用时，应切断开关或拔下插销。</p><p style="font-family: Simsun; font-size: medium; white-space: normal; margin-top: 20px; margin-bottom: 20px;">5、液化气钢瓶与炉具间要保持1米以上安全距离，使用时，先开气阀再点火；使用完毕，先关气阀再关炉具开关。不要随意倾倒液化石油气残液。发现燃气泄漏，要迅速关闭气源阀门，打开门窗通风，切勿触动电器开关和使用明火，不要在燃气泄漏场所拨打电话、手机。</p><p style="font-family: Simsun; font-size: medium; white-space: normal; margin-top: 20px; margin-bottom: 20px;">6、不要在楼梯间、公共走道内动火或存放物品，不要在棚厦内动火、存放易燃易爆物品和维修机动车辆，不要在禁火地点吸烟、动火。</p><p style="font-family: Simsun; font-size: medium; white-space: normal; margin-top: 20px; margin-bottom: 20px;">7、发现火情后迅速拨打火警电话119，讲明详细地址、起火部位、着火物质、火势大小、留下姓名及电话号码，并派人到路口迎候消防车。</p><p style="font-family: Simsun; font-size: medium; white-space: normal; margin-top: 20px; margin-bottom: 20px;">8、家中一旦起火，必须保持冷静。对初起火灾，应迅速清理起火点附近可燃物，并迅速利用被褥、水及其它简易灭火器材控制和扑救。救火时不要贸然打开门窗，以免空气对流，加速火势蔓延。</p><p style="font-family: Simsun; font-size: medium; white-space: normal; margin-top: 20px; margin-bottom: 20px;">9、要掌握火场逃生的基本方法，清楚住宅周围环境，熟悉逃生路线。大火来临时要迅速逃生，不可贪恋财物，以免失去逃生时机。逃生途中，不要携带重物，逃离火场后，不要冒险返回火场。</p><p style="font-family: Simsun; font-size: medium; white-space: normal; margin-top: 20px; margin-bottom: 20px;">10、火场逃生时，保持冷静，正确估计火势。如火势不大，应当机立断，披上浸湿的衣物、被褥等向安全出口方向逃离。逃生时不可乘坐电梯。逃生时应随手关闭身后房门，防止烟气尾随进入。</p><p style="font-family: Simsun; font-size: medium; white-space: normal; margin-top: 20px; margin-bottom: 20px;">11、楼下起火，楼上居民切忌开门观看或急于下楼逃生，要紧闭房门，可用浸湿的床单、窗帘等堵塞门缝或粘上胶带。如果房门发烫，要泼水降温。</p><p style="font-family: Simsun; font-size: medium; white-space: normal; margin-top: 20px; margin-bottom: 20px;">12、若逃生路线均被大火封锁，可向阳台或向架设云梯车的窗口移动，并用打手电筒、挥舞衣物、呼叫等方式发送求救信号，等待救援。</p><p style="font-family: Simsun; font-size: medium; white-space: normal; margin-top: 20px; margin-bottom: 20px;">火灾无情，当大火燃起时，要做的第一件事就是抓紧脱离险境。在脱离时，往往要穿过着火地带，这时如果火势尚不太猛，可以穿上浸湿的不易燃烧的衣服或裹上湿的厚毯子。地面有火可以穿上胶鞋，穿过火区时要迅速果断，不要吸气，以免被浓烟熏呛。逃生之前，要探明着火方位，确定风向，在火势蔓延之前，朝逆风方向快速离开火灾区域。</p><p style="font-family: Simsun; font-size: medium; white-space: normal; margin-top: 20px; margin-bottom: 20px;">房间里着火时，必然会产生很多浓烟，其中含有大量的一氧化碳，在这种环境停留时间过长，就会中毒。烟能随着热空气聚集在房间上部，而室内下部，能看清物品和方向，这时人们应该蹲下或趴下。如果时间、条件允许的话，可用湿毛巾捂住口鼻，爬向门口。打开房门后，沿着楼梯走下去，千万不要走电梯，因电梯随时可能因为火场停电不能升降或被烧坏。</p><p style="white-space: normal;"><br/></p></section><p><br/></p>', 1, '管理员', '2016-05-24 17:22:48', 1, 0, 2, '日常生活中的消防常识', NULL),
(3, '灭火方法及灭火常识', '灭火方法及灭火常识', 1, '管理员', '2016-05-24 17:22:48', 1, 0, 3, '灭火方法及灭火常识', NULL),
(4, '灭火器材使用方法', '灭火器材使用方法', 1, '管理员', '2016-05-25 17:22:48', 1, 0, 4, '灭火器材使用方法', NULL),
(5, '怎样逃生自救', '怎样逃生自救', 1, '管理员', '2016-05-25 17:22:48', 1, 0, 5, '怎样逃生自救', NULL),
(6, '几种常见火灾的扑救方法', '<p>一、按照燃烧原理，一切灭火方法的原理是将灭剂直接喷射到燃烧的物体上。或者将灭火剂喷洒在火源附近的物质上，使其不因火焰热辐射作用而形成新的火点。&nbsp;<br/>1、冷却灭火法 这种灭火法的原理是将灭火剂直接喷射到燃烧的物体上，以降低燃烧的温度于燃点之下，使燃烧停止。或者将灭火剂喷洒在火源附近的物质上，使其不因火焰热辐射作用而形成新的火点。 冷却灭火法是灭火的一种主要方法，常用水和二氧化碳作灭火剂冷却降温灭火。灭火剂在灭火过程中不参与燃烧过程中的化学反应。这种方法属于物理灭火方法。&nbsp;<br/>2、隔离灭火法<br/></p><p><a class="exp-image-wraper" log="type:20150831,pos:enter_step,expGroup:G3" href="http://jingyan.baidu.com/album/25648fc1fabbe19191fd008a.html?picindex=1" target="_self" style="text-decoration: none; color: rgb(45, 100, 179); position: relative; display: block; float: left;"><img class="exp-image-default" alt="消防安全知识有哪些？怎样使用灭火器及逃生自救" src="http://a.hiphotos.baidu.com/exp/w=500/sign=0dae9ab0a786c91708035239f93c70c6/962bd40735fae6cde3edd5290fb30f2442a70f18.jpg" style="border: 0px; display: block;"/><span class="exp-album-enter-mask" style="position: absolute; left: 0px; right: 0px; top: 0px; bottom: 0px; opacity: 0; cursor: pointer; background: rgb(51, 51, 51);"></span></a></p><p>隔离灭火法是将正在燃烧的物质和周围未燃烧的可燃物质隔离或移开，中断可燃物质的供给，使燃烧因缺少可燃物而停止。具体方法有：<br/>1）、把火源附近的可燃、易燃、易爆和助燃物品搬走；<br/>2）、关闭可燃气体、液体管道的阀门，以减少和阻止可燃物质进入燃烧区；<br/>3）、设法阻拦流散的易燃、可燃液体；<br/>4）、拆除与火源相毗连的易燃建筑物，形成防止火势蔓延的空间地带。<br/>3、窒息灭火法<br/></p><p><a class="exp-image-wraper" log="type:20150831,pos:enter_step,expGroup:G3" href="http://jingyan.baidu.com/album/25648fc1fabbe19191fd008a.html?picindex=2" target="_self" style="text-decoration: none; color: rgb(45, 100, 179); position: relative; display: block; float: left;"><img class="exp-image-default" alt="消防安全知识有哪些？怎样使用灭火器及逃生自救" src="http://g.hiphotos.baidu.com/exp/w=500/sign=f76f9c526059252da3171d04049a032c/adaf2edda3cc7cd9a3864a913901213fb90e91ca.jpg" style="border: 0px; display: block;"/><span class="exp-album-enter-mask" style="position: absolute; left: 0px; right: 0px; top: 0px; bottom: 0px; opacity: 0; cursor: pointer; background: rgb(51, 51, 51);"></span></a></p><p>窒息灭火法是阻止空气流入燃烧区或用不燃烧区或用不燃物质冲淡空气，使燃烧物得不到足够的氧气而熄灭的灭火方法。具体方法是：<br/>1）、用沙土、水泥、湿麻袋、湿棉被等不燃或难燃物质覆盖燃烧物；<br/>2）、喷洒雾状水、干粉、泡沫等灭火剂覆盖燃烧物；<br/>3）、用水蒸气或氮气、二氧化碳等惰性气体灌注发生火灾的容器、设备；<br/>4）、密闭起火建筑、设备和孔洞；<br/>5）、把不燃的气体或不燃液体（如二氧化碳、氮气、四氯化碳等）喷洒到燃烧物区域内或燃烧物上。<br/>二、灭火常识<br/>固体火灾应先用水型、泡沫、磷酸胺盐干粉、卤代烷型灭火器进行扑救<br/>液体火灾应先用干粉、泡沫、卤代烷、二氧化碳灭火器进行扑救。<br/>气体火灾应先用干粉、卤代烷、二氧化碳灭火器进行扑救。<br/>带电物体火灾应先用卤代烷、二氧化碳、干粉型灭火器进行扑救。<br/>扑救金属火灾的灭火器材应由设计部门和当地公安消防监督部门协商解决，目前我国还没有定期型的灭火器产品。<br/>三、灭火器的使用方法及火灾的扑救方法可参照&quot;灭火器常识&quot;灭火器的分类&nbsp;<br/>灭火器的种类很多，按其移动方式可分为：手提式和推车式；按驱动灭火剂的动力来源可分为：储气瓶式、储压式、化学反应式、按所充装的灭火剂则又可分为：泡沫、干粉、卤代烷、二氧化碳、酸碱、清水等。&nbsp;<br/></p><p><a class="exp-image-wraper" log="type:20150831,pos:enter_step,expGroup:G3" href="http://jingyan.baidu.com/album/25648fc1fabbe19191fd008a.html?picindex=3" target="_self" style="text-decoration: none; color: rgb(45, 100, 179); position: relative; display: block; float: left;"><img class="exp-image-default" alt="消防安全知识有哪些？怎样使用灭火器及逃生自救" src="http://g.hiphotos.baidu.com/exp/w=500/sign=f7829c526059252da3171d04049a032c/adaf2edda3cc7cd9a36b4a913901213fb80e9137.jpg" style="border: 0px; display: block;"/></a></p><p><br/></p>', 1, '管理员', '2016-05-25 17:22:48', 1, 0, 3, '几种常见火灾的扑救方法', NULL),
(7, '特区外提取额', '<p>他前天去&nbsp;</p>', 2, '管理员', '2016-05-26 11:53:55', 1, 0, 4, '灭火器材使用方法', '1089'),
(9, '听说当乞丐一月也能挣几十万', '<p style="margin-top:0px;margin-bottom:0px;padding:12px 0px;text-indent:2em;color:#383838;font-family:simsun;line-height:29.6px;white-space:normal;background-color:#ffffff;"><img src="E:/Codes/JavaProjects/baiding/target/baiding-0.0.1-SNAPSHOT/upload/image/20160601/1464791084424036002.jpg" alt="1464791084424036002.jpg" /><span style="background-color:#64451d;">成都商报记者从阿联酋航空公司中国办事处了解到，徐某于25日晚趁夜色翻越栏杆偷偷躲入阿联酋航空的EK303航班，该航班于5月26日凌晨0：05（北京时间）从上海起飞。</span></p>\r\n<p style="margin-top:0px;margin-bottom:0px;padding:12px 0px;text-indent:2em;color:#383838;font-family:simsun;line-height:29.6px;white-space:normal;background-color:#ffffff;"><span style="background-color:#64451d;">记者咨询民航业内人士了解到，普通人确实有可能藏到有氧货舱里，但有氧货舱温度比客舱低很多，一般只有几摄氏度，所以气温很低，加之没有安全带和座椅，这还是很危险的一种举动。<table style="width:100%;background-color:#ff9900;" cellpadding="2" cellspacing="0" border="1" bordercolor="#000000"><tbody><tr><td>&nbsp;</td>\r\n<td>&nbsp;</td>\r\n</tr>\r\n<tr><td>&nbsp;</td>\r\n<td>&nbsp;</td>\r\n</tr>\r\n<tr><td>&nbsp;</td>\r\n<td>&nbsp;</td>\r\n</tr>\r\n</tbody>\r\n</table>\r\n</span></p>\r\n<p style="margin-top:0px;margin-bottom:0px;padding:12px 0px;text-indent:2em;color:#383838;font-family:simsun;line-height:29.6px;white-space:normal;background-color:#ffffff;"><strong>他为啥选择迪拜？</strong></p>\r\n<p style="margin-top:0px;margin-bottom:0px;padding:12px 0px;text-indent:2em;color:#383838;font-family:simsun;line-height:29.6px;white-space:normal;background-color:#ffffff;"><strong>听说当乞丐一月也能挣几十万</strong></p>\r\n<p style="margin-top:0px;margin-bottom:0px;padding:12px 0px;text-indent:2em;color:#383838;font-family:simsun;line-height:29.6px;white-space:normal;background-color:#ffffff;">在询问中，勉金龙进一步得知，16岁少年之所以选择偷渡迪拜，竟然是因为听说“迪拜遍地是黄金，能赚到很多钱，最不济当乞丐都可以月薪47万”。于是产生要去迪拜闯一闯的想法。</p>\r\n<p style="margin-top:0px;margin-bottom:0px;padding:12px 0px;text-indent:2em;color:#383838;font-family:simsun;line-height:29.6px;white-space:normal;background-color:#ffffff;"><span style="color:#99bb00;">当地警方在询问徐某在货舱的感受时，徐某一脸憔悴地告诉勉金龙，货舱里面还算舒服，就是没吃没喝。当被问到偷渡是犯法的、有没想过后果，徐某坦言自己是未成年人，不怕被迪拜警察抓，其次，他听说迪拜监狱的待遇很好，被抓了也没关系。</span></p>\r\n<p style="margin-top:0px;margin-bottom:0px;padding:12px 0px;text-indent:2em;color:#383838;font-family:simsun;line-height:29.6px;white-space:normal;background-color:#ffffff;">中国驻迪拜总领馆代总领事马旭亮告诉记者，徐某之所以要偷渡到迪拜，是听说迪拜好挣钱。马旭亮表示，“希望国民不要听信谣言，世界上没有不劳而获的好事情。而且阿联酋法律严令禁止乞讨行为，在迪拜乞讨是要受到法律处罚的。”马旭亮同时强调，此前有国内媒体报道在迪拜乞讨，一个月可挣47万之类的消息，都是谣传。</p>\r\n<p style="margin-top:0px;margin-bottom:0px;padding:12px 0px;text-indent:2em;color:#383838;font-family:simsun;line-height:29.6px;white-space:normal;background-color:#ffffff;">马旭亮告诉成都商报记者，目前徐某的案子还在处理当中，暂时没有结果。“我们一直跟对方保持着沟通，我们相信阿联酋的司法是客观的、文明的。”</p>\r\n<p style="margin-top:0px;margin-bottom:0px;padding:12px 0px;text-indent:2em;color:#383838;font-family:simsun;line-height:29.6px;white-space:normal;background-color:#ffffff;"><strong>他将面临什么处罚？</strong></p>\r\n<p style="margin-top:0px;margin-bottom:0px;padding:12px 0px;text-indent:2em;color:#383838;font-family:simsun;line-height:29.6px;white-space:normal;background-color:#ffffff;"><strong>未成年人，可能不会被判刑</strong></p>\r\n<p style="margin-top:0px;margin-bottom:0px;padding:12px 0px;text-indent:2em;color:#383838;font-family:simsun;line-height:29.6px;white-space:normal;background-color:#ffffff;">据勉金龙介绍，像徐某这样的案件，当事人会被阿联酋安全局驱逐出境，因他未成年，可能不会被判刑，但是当地会严厉调查整个事件，并排查是否系有人指使下做出如此事情。整个案件处理时间预计2到3个月，案件审理结束后少年将会被遣送回国。如果被遣送，徐某将进入迪拜入境黑名单，即终身不能再入境迪拜。</p>\r\n<p style="margin-top:0px;margin-bottom:0px;padding:12px 0px;text-indent:2em;color:#383838;font-family:simsun;line-height:29.6px;white-space:normal;background-color:#ffffff;">勉金龙介绍，少年除了略显憔悴，情绪还是比较稳定，目前暂时关押在迪拜2号机场警察局。</p>\r\n<p style="margin-top:0px;margin-bottom:0px;padding:12px 0px;text-indent:2em;color:#383838;font-family:simsun;line-height:29.6px;white-space:normal;background-color:#ffffff;">马旭亮介绍，少年到迪拜被机场警方控制后，当地机场警方第一时间通知了中国驻迪拜总领馆。总领馆非常重视，第一时间派人前往机场了解情况。</p>\r\n<p style="margin-top:0px;margin-bottom:0px;padding:12px 0px;text-indent:2em;color:#383838;font-family:simsun;line-height:29.6px;white-space:normal;background-color:#ffffff;">“我们对该名中国公民的遭遇表示关切，但也要尊重阿联酋的司法规定，以及机场安全方面的规定。”马旭亮告诉成都商报记者，总领馆向当地警方、检察机关都表达了立场和关切，希望徐某得到适当、妥善的处理。“处理过程中要考虑他的未成年的因素，尽量低调、妥善。”</p>\r\n<p style="margin-top:0px;margin-bottom:0px;padding:12px 0px;text-indent:2em;color:#383838;font-family:simsun;line-height:29.6px;white-space:normal;background-color:#ffffff;">“（徐某）涉嫌危害航空安全和偷渡两个违法行为，可能面临司法处罚。总领馆方面正在跟当地执法机构交涉、勾通和协调。”马旭亮表示，总领馆也在进一步研究阿联酋当地的法律法规，尤其是航空安全、移民方面的法律法规，并了解阿联酋有没有关于未成年人保护方面的法律法规。</p>\r\n<p>&nbsp;</p>', 1, '管理员', '2016-05-26 12:16:14', 1, 0, 3, '灭火方法及灭火常识', '1090,1091,1093');

-- --------------------------------------------------------

--
-- 表的结构 `t_article_category`
--

CREATE TABLE IF NOT EXISTS `t_article_category` (
  `id` int(11) NOT NULL AUTO_INCREMENT,
  `name` varchar(255) DEFAULT NULL,
  `description` varchar(255) DEFAULT NULL,
  `status` int(11) DEFAULT NULL,
  `sort` int(11) DEFAULT NULL,
  `parent_id` int(11) NOT NULL DEFAULT '0',
  PRIMARY KEY (`id`),
  KEY `parent` (`parent_id`)
) ENGINE=InnoDB  DEFAULT CHARSET=utf8 COMMENT='帖子' AUTO_INCREMENT=12 ;

--
-- 转存表中的数据 `t_article_category`
--

INSERT INTO `t_article_category` (`id`, `name`, `description`, `status`, `sort`, `parent_id`) VALUES
(1, '火灾的危害性', '火灾的危害性', 1, 0, 0),
(2, '日常生活中的消防常识', '日常生活中的消防常识', 1, 0, 0),
(3, '灭火方法及灭火常识', '灭火方法及灭火常识', 1, 0, 0),
(4, '灭火器材使用方法', '灭火器材使用方法', 1, 0, 0),
(5, '怎样逃生自救', '怎样逃生自救', 1, 0, 0),
(6, '几种常见火灾的扑救方法', '几种常见火灾的扑救方法', 1, 0, 0),
(8, '简历分类', '人才', 1, 0, 0),
(9, '隐藏简历', '', 1, 0, 8),
(10, '外部简历', '', 1, 0, 8),
(11, '内部简历', '', 1, 0, 8);

-- --------------------------------------------------------

--
-- 表的结构 `t_oa_leave`
--

CREATE TABLE IF NOT EXISTS `t_oa_leave` (
  `id` int(11) NOT NULL AUTO_INCREMENT,
  `user_id` int(11) DEFAULT NULL,
  `user_name` varchar(255) DEFAULT NULL,
  `create_time` datetime NOT NULL DEFAULT CURRENT_TIMESTAMP,
  `start_time` datetime DEFAULT NULL,
  `end_time` datetime DEFAULT NULL,
  `apply_time` datetime DEFAULT NULL,
  `leave_type` varchar(255) DEFAULT NULL,
  `reason` varchar(255) DEFAULT NULL,
  `status` int(255) NOT NULL DEFAULT '1',
  `process_instance_id` varchar(255) DEFAULT NULL,
  PRIMARY KEY (`id`)
) ENGINE=InnoDB  DEFAULT CHARSET=utf8 AUTO_INCREMENT=8 ;

--
-- 转存表中的数据 `t_oa_leave`
--

INSERT INTO `t_oa_leave` (`id`, `user_id`, `user_name`, `create_time`, `start_time`, `end_time`, `apply_time`, `leave_type`, `reason`, `status`, `process_instance_id`) VALUES
(1, 1, '管理员', '2017-06-05 17:32:41', '2016-06-23 00:00:00', '2016-06-30 00:00:00', '2016-06-30 12:43:00', '事假', '阿文', 1, NULL),
(2, 1, '管理员', '2017-06-05 17:32:41', '2016-06-23 00:00:00', '2016-06-30 00:00:00', '2016-06-30 13:02:23', '年休', '阿飞嘎嘎嘎', 1, NULL),
(3, 1, '管理员', '2017-06-05 17:32:41', '2016-06-30 00:00:00', '2016-06-17 00:00:00', '2016-06-30 13:04:39', '事假', '大撒旦', 1, NULL),
(4, 1, '管理员', '2017-06-05 17:32:41', '2016-06-23 00:00:00', '2016-06-30 00:00:00', '2016-06-30 13:05:40', '病假', '大大', 1, NULL),
(5, 1, '管理员', '2017-06-05 17:32:41', '2016-06-23 00:00:00', '2016-06-30 00:00:00', '2016-06-30 13:09:19', '事假', '大', 1, 'cc6c1564-3e80-11e6-a7d8-408d5c90f72f'),
(6, 1, '管理员', '2017-06-05 17:32:41', '2016-06-23 00:00:00', '2016-06-30 00:00:00', '2016-06-30 13:11:48', '事假', '撒旦法', 1, '25c0473b-3e81-11e6-a7d8-408d5c90f72f'),
(7, 1, '管理员', '2017-06-05 17:32:41', '2016-06-23 00:00:00', '2016-06-30 00:00:00', '2016-06-30 15:14:09', '事假', 'leave', 1, '3d42bd74-3e92-11e6-bf16-408d5c90f72f');

-- --------------------------------------------------------

--
-- 视图结构 `act_id_group`
--
DROP TABLE IF EXISTS `act_id_group`;

CREATE ALGORITHM=UNDEFINED DEFINER=`root`@`%` SQL SECURITY DEFINER VIEW `act_id_group` AS select `r`.`role_key` AS `ID_`,1 AS `REV_`,`r`.`name` AS `NAME_`,'assignment' AS `TYPE_` from `s_role` `r`;

-- --------------------------------------------------------

--
-- 视图结构 `act_id_membership`
--
DROP TABLE IF EXISTS `act_id_membership`;

CREATE ALGORITHM=UNDEFINED DEFINER=`root`@`%` SQL SECURITY DEFINER VIEW `act_id_membership` AS select `u`.`login_name` AS `USER_ID_`,`r`.`role_key` AS `GROUP_ID_` from ((`s_user_role` `ur` left join `s_user` `u` on((`u`.`id` = `ur`.`user_id`))) left join `s_role` `r` on((`r`.`id` = `ur`.`role_id`)));

-- --------------------------------------------------------

--
-- 视图结构 `act_id_user`
--
DROP TABLE IF EXISTS `act_id_user`;

CREATE ALGORITHM=UNDEFINED DEFINER=`root`@`%` SQL SECURITY DEFINER VIEW `act_id_user` AS select `u`.`login_name` AS `ID_`,1 AS `REV_`,`u`.`user_name` AS `FIRST_`,`u`.`user_name` AS `LAST_`,`u`.`email` AS `EMAIL_`,`u`.`login_pwd` AS `PWD_`,`u`.`avator` AS `PICTURE_ID_` from `s_user` `u`;

--
-- 限制导出的表
--

--
-- 限制表 `act_ge_bytearray`
--
ALTER TABLE `act_ge_bytearray`
  ADD CONSTRAINT `ACT_FK_BYTEARR_DEPL` FOREIGN KEY (`DEPLOYMENT_ID_`) REFERENCES `act_re_deployment` (`ID_`);

--
-- 限制表 `act_procdef_info`
--
ALTER TABLE `act_procdef_info`
  ADD CONSTRAINT `ACT_FK_INFO_JSON_BA` FOREIGN KEY (`INFO_JSON_ID_`) REFERENCES `act_ge_bytearray` (`ID_`),
  ADD CONSTRAINT `ACT_FK_INFO_PROCDEF` FOREIGN KEY (`PROC_DEF_ID_`) REFERENCES `act_re_procdef` (`ID_`);

--
-- 限制表 `act_re_model`
--
ALTER TABLE `act_re_model`
  ADD CONSTRAINT `ACT_FK_MODEL_DEPLOYMENT` FOREIGN KEY (`DEPLOYMENT_ID_`) REFERENCES `act_re_deployment` (`ID_`),
  ADD CONSTRAINT `ACT_FK_MODEL_SOURCE` FOREIGN KEY (`EDITOR_SOURCE_VALUE_ID_`) REFERENCES `act_ge_bytearray` (`ID_`),
  ADD CONSTRAINT `ACT_FK_MODEL_SOURCE_EXTRA` FOREIGN KEY (`EDITOR_SOURCE_EXTRA_VALUE_ID_`) REFERENCES `act_ge_bytearray` (`ID_`);

--
-- 限制表 `act_ru_event_subscr`
--
ALTER TABLE `act_ru_event_subscr`
  ADD CONSTRAINT `ACT_FK_EVENT_EXEC` FOREIGN KEY (`EXECUTION_ID_`) REFERENCES `act_ru_execution` (`ID_`);

--
-- 限制表 `act_ru_execution`
--
ALTER TABLE `act_ru_execution`
  ADD CONSTRAINT `ACT_FK_EXE_PARENT` FOREIGN KEY (`PARENT_ID_`) REFERENCES `act_ru_execution` (`ID_`),
  ADD CONSTRAINT `ACT_FK_EXE_PROCDEF` FOREIGN KEY (`PROC_DEF_ID_`) REFERENCES `act_re_procdef` (`ID_`),
  ADD CONSTRAINT `ACT_FK_EXE_PROCINST` FOREIGN KEY (`PROC_INST_ID_`) REFERENCES `act_ru_execution` (`ID_`) ON DELETE CASCADE ON UPDATE CASCADE,
  ADD CONSTRAINT `ACT_FK_EXE_SUPER` FOREIGN KEY (`SUPER_EXEC_`) REFERENCES `act_ru_execution` (`ID_`);

--
-- 限制表 `act_ru_identitylink`
--
ALTER TABLE `act_ru_identitylink`
  ADD CONSTRAINT `ACT_FK_ATHRZ_PROCEDEF` FOREIGN KEY (`PROC_DEF_ID_`) REFERENCES `act_re_procdef` (`ID_`),
  ADD CONSTRAINT `ACT_FK_IDL_PROCINST` FOREIGN KEY (`PROC_INST_ID_`) REFERENCES `act_ru_execution` (`ID_`),
  ADD CONSTRAINT `ACT_FK_TSKASS_TASK` FOREIGN KEY (`TASK_ID_`) REFERENCES `act_ru_task` (`ID_`);

--
-- 限制表 `act_ru_job`
--
ALTER TABLE `act_ru_job`
  ADD CONSTRAINT `ACT_FK_JOB_EXCEPTION` FOREIGN KEY (`EXCEPTION_STACK_ID_`) REFERENCES `act_ge_bytearray` (`ID_`);

--
-- 限制表 `act_ru_task`
--
ALTER TABLE `act_ru_task`
  ADD CONSTRAINT `ACT_FK_TASK_EXE` FOREIGN KEY (`EXECUTION_ID_`) REFERENCES `act_ru_execution` (`ID_`),
  ADD CONSTRAINT `ACT_FK_TASK_PROCDEF` FOREIGN KEY (`PROC_DEF_ID_`) REFERENCES `act_re_procdef` (`ID_`),
  ADD CONSTRAINT `ACT_FK_TASK_PROCINST` FOREIGN KEY (`PROC_INST_ID_`) REFERENCES `act_ru_execution` (`ID_`);

--
-- 限制表 `act_ru_variable`
--
ALTER TABLE `act_ru_variable`
  ADD CONSTRAINT `ACT_FK_VAR_BYTEARRAY` FOREIGN KEY (`BYTEARRAY_ID_`) REFERENCES `act_ge_bytearray` (`ID_`),
  ADD CONSTRAINT `ACT_FK_VAR_EXE` FOREIGN KEY (`EXECUTION_ID_`) REFERENCES `act_ru_execution` (`ID_`),
  ADD CONSTRAINT `ACT_FK_VAR_PROCINST` FOREIGN KEY (`PROC_INST_ID_`) REFERENCES `act_ru_execution` (`ID_`);

/*!40101 SET CHARACTER_SET_CLIENT=@OLD_CHARACTER_SET_CLIENT */;
/*!40101 SET CHARACTER_SET_RESULTS=@OLD_CHARACTER_SET_RESULTS */;
/*!40101 SET COLLATION_CONNECTION=@OLD_COLLATION_CONNECTION */;
